TXN_DATE_TIME,TRANSACTION_ID,CUSTOMER_ID,POLICY_NUMBER,POLICY_EFF_DT,LOSS_DT,REPORT_DT,INSURANCE_TYPE,PREMIUM_AMOUNT,CLAIM_AMOUNT,CUSTOMER_NAME,ADDRESS_LINE1,ADDRESS_LINE2,CITY,STATE,POSTAL_CODE,SSN,MARITAL_STATUS,AGE,TENURE,EMPLOYMENT_STATUS,NO_OF_FAMILY_MEMBERS,RISK_SEGMENTATION,HOUSE_TYPE,SOCIAL_CLASS,ROUTING_NUMBER,ACCT_NUMBER,CUSTOMER_EDUCATION_LEVEL,CLAIM_STATUS,INCIDENT_SEVERITY,AUTHORITY_CONTACTED,ANY_INJURY,POLICE_REPORT_AVAILABLE,INCIDENT_STATE,INCIDENT_CITY,INCIDENT_HOUR_OF_THE_DAY,AGENT_ID,VENDOR_ID,
01-06-2020 00:00,TXN00000001,A00003822,PLC00008468,23-06-2015,16-05-2020,21-05-2020,Health,157.13,9000,Christopher Demarest,7701 West Saint John Road,#2010,Glendale,AZ,85308,087-11-1946,Y,54,89,Y,3,L,Own,LI,109134974,HXJP58258181908465,Bachelor,A,Major Loss,Police,0,1,GA,Savannah,4,AGENT00413,VNDR00556,
01-06-2020 00:00,TXN00000002,A00008149,PLC00009594,21-04-2018,13-05-2020,18-05-2020,Property,141.71,26000,Ricardo Gatlin,8595 West 81st Drive,,Arvada,CO,80005,685-33-3536,N,61,80,Y,4,L,Rent,MI,40125819,JUND46859540983731,Bachelor,A,Total Loss,Ambulance,1,0,AL,Montgomery,0,AGENT00769,VNDR00592,
01-06-2020 00:00,TXN00000003,A00003172,PLC00007969,03-10-2019,21-05-2020,26-05-2020,Property,157.24,13000,Lashawn Engles,637 Britannia Drive,,Vallejo,CA,94591,378-36-0672,N,47,68,Y,6,L,Rent,MI,99513168,WGZZ90128415227650,PhD,A,Total Loss,Police,0,1,CO,Grand Junction,19,AGENT00883,VNDR00031,
01-06-2020 00:00,TXN00000004,A00007572,PLC00009292,29-11-2016,14-05-2020,19-05-2020,Health,172.87,16000,Steven Bassett,2803 River Drive,,Thunderbolt,GA,31404,669-92-1861,Y,36,16,Y,7,L,Mortgage,MI,18429110,WIKE91555436351397,Masters,A,Minor Loss,Ambulance,0,0,GA,Savannah,12,AGENT00278,VNDR00075,
01-06-2020 00:00,TXN00000005,A00008173,PLC00000204,26-12-2011,17-05-2020,22-05-2020,Travel,88.53,3000,Jason Rodriguez,7573 National Drive,,Livermore,CA,94550,703-40-1033,Y,51,16,Y,2,M,Rent,HI,70752391,VYJW71311537294027,Masters,A,Major Loss,Police,0,1,TN,Nashville,18,AGENT00636,VNDR00472,
01-06-2020 00:00,TXN00000006,A00003571,PLC00007244,28-12-2012,20-05-2020,25-05-2020,Life,87.02,63000,Terrance Han,5275 North 59th Avenue,,Glendale,AZ,85301,059-08-4065,N,42,38,Y,2,M,Rent,MI,124246313,TMDB19464299963687,College,A,Major Loss,Ambulance,0,1,AZ,Glendale,0,AGENT00402,,
01-06-2020 00:00,TXN00000007,A00007245,PLC00002796,26-10-2012,13-05-2020,18-05-2020,Health,197.23,3000,Dennis Johnson,5119 Marla Drive,,Panama City,FL,32404,539-25-2348,Y,61,20,Y,7,L,Rent,MI,72461648,ZCMU49563664563577,NA,A,Major Loss,Police,1,1,CT,Manchester,10,AGENT00322,VNDR00150,
01-06-2020 00:00,TXN00000008,A00004301,PLC00002925,30-12-2018,14-05-2020,19-05-2020,Motor,83.77,8000,Maryalice Martinez,6 Little Country Place,,Savannah,GA,31406,791-66-5539,Y,35,97,Y,3,L,Rent,MI,89467431,ZLMN59372702463649,High School,A,Total Loss,Police,0,1,FL,Panama City Beach,10,AGENT00152,VNDR00326,
01-06-2020 00:00,TXN00000009,A00004671,PLC00006886,27-06-2019,21-05-2020,26-05-2020,Motor,82.14,5000,Nicholas Hamilton,642 South 2nd Street,#608,Louisville,KY,40202,427-41-7221,N,27,118,Y,4,H,Mortgage,MI,107890252,EVZR61264221554624,Bachelor,A,Major Loss,Police,0,1,AZ,Glendale,22,AGENT00450,VNDR00437,
01-06-2020 00:00,TXN00000010,A00002020,PLC00007657,19-12-2015,15-05-2020,20-05-2020,Travel,71.29,4000,Nicholas Honokaupu,1914 Stratford Downs Drive,,Montgomery,AL,36117,722-69-3392,Y,61,119,Y,4,L,Rent,HI,16215148,UXQB38236110828938,PhD,A,Major Loss,None,0,0,CA,San Leandro,4,AGENT00682,,
01-06-2020 00:00,TXN00000011,A00007952,PLC00003007,30-03-2019,20-05-2020,25-05-2020,Life,61.45,92000,Janet Watts,200 Redwood Road,,Manchester,CT,6040,233-66-3524,N,59,14,Y,7,M,Mortgage,MI,58804083,CQZQ73037026635053,Masters,A,Major Loss,Ambulance,1,1,MD,Crofton,23,AGENT01091,VNDR00163,
01-06-2020 00:00,TXN00000012,A00006313,PLC00002139,22-07-2016,21-05-2020,26-05-2020,Motor,101.15,8000,Patricia Garrett,6721 Boundary Run,,Nashville,TN,37221,224-80-1633,Y,42,39,Y,2,H,Own,HI,11697253,YGZM08271540598654,High School,D,Major Loss,Ambulance,1,1,CT,Manchester,3,AGENT00288,,
01-06-2020 00:00,TXN00000013,A00003693,PLC00007839,12-06-2019,24-05-2020,27-05-2020,Health,157.95,11000,Lisa Rosario,12870 Old Seward Highway,#STE 000105,Anchorage,AK,99515,115-30-1247,Y,57,118,Y,3,M,Mortgage,LI,74438433,NAUY34845981013549,Bachelor,A,Major Loss,None,0,1,KY,Louisville,22,AGENT00015,VNDR00191,
01-06-2020 00:00,TXN00000014,A00007988,PLC00002521,29-01-2020,18-05-2020,23-05-2020,Life,64.16,51000,Felicita Stoughton,110 Oxford Road,,Savannah,GA,31419,170-28-1062,N,31,118,Y,7,L,Own,LI,64537739,GIOA39230059052323,High School,A,Total Loss,Ambulance,1,0,AK,Anchorage,0,AGENT01094,,
01-06-2020 00:00,TXN00000015,A00005617,PLC00007011,08-06-2015,20-05-2020,25-05-2020,Mobile,6.76,700,David Pennington,210 Seaman,,McCrory,AR,72101,519-11-2464,Y,55,90,Y,6,L,Mortgage,HI,93703880,LDQH95350551363442,PhD,A,Major Loss,Police,1,1,CO,Arvada,11,AGENT00324,VNDR00135,
01-06-2020 00:00,TXN00000016,A00008033,PLC00008152,25-01-2011,12-05-2020,17-05-2020,Motor,128.73,9000,William Halcomb,5124 E Street Southeast,,Washington,DC,20019,142-09-4530,Y,57,48,Y,2,L,Rent,LI,115671968,KNLE94705483907630,NA,A,Minor Loss,Police,0,1,AR,Fayetteville,22,AGENT00608,VNDR00051,
01-06-2020 00:00,TXN00000017,A00007184,PLC00000118,17-04-2014,13-05-2020,18-05-2020,Property,114.42,39000,Michael Kimball,42 Edison Road,,Manchester,CT,6040,448-54-0272,Y,53,19,Y,5,M,Mortgage,MI,71737399,XHMQ62339445289593,Bachelor,A,Major Loss,Other,0,1,DC,Washington,2,AGENT00911,VNDR00238,
01-06-2020 00:00,TXN00000018,A00007426,PLC00000165,25-03-2015,22-05-2020,25-05-2020,Property,157.18,40000,Mark Huang,9545 West 74th Avenue,,Arvada,CO,80005,696-53-5272,Y,32,106,Y,4,L,Mortgage,HI,47797949,AAET31045958150067,Bachelor,A,Major Loss,Police,0,1,AL,Montgomery,14,AGENT00079,,
01-06-2020 00:00,TXN00000019,A00009265,PLC00000619,03-11-2017,27-05-2020,28-05-2020,Motor,116.55,8000,Marshall Worm,119 Oakland Street,,Manchester,CT,6042,848-09-7847,N,45,69,Y,4,H,Mortgage,MI,117427424,WGFI36482098909043,High School,A,Total Loss,Ambulance,0,1,MA,Fitchburg,20,AGENT00994,VNDR00107,
01-06-2020 00:00,TXN00000020,A00005314,PLC00001411,08-11-2013,17-05-2020,22-05-2020,Life,77.17,68000,Mary Carmona,643 Farragut Street Northwest,,Washington,DC,20011,614-24-5584,Y,59,119,Y,5,M,Mortgage,MI,32494684,GYVA20207571838807,High School,A,Total Loss,None,1,1,CO,Arvada,1,AGENT00490,,
01-06-2020 00:00,TXN00000021,A00004720,PLC00003338,10-07-2015,30-05-2020,30-05-2020,Health,155.23,17000,Stacey Lopez,10 Skyline Way,,Hartford,VT,5001,889-29-6243,Y,51,51,Y,6,L,Own,MI,95548658,VRFH55935817723257,High School,A,Total Loss,Other,1,0,CO,Arvada,3,AGENT00446,VNDR00215,
01-06-2020 00:00,TXN00000022,A00004728,PLC00004242,19-01-2017,26-05-2020,28-05-2020,Mobile,9.15,300,David Goodman,1358 Scenic Avenue,R B,Berkeley,CA,94708,272-95-9193,N,51,101,Y,4,L,Rent,LI,74148888,EFWW85075225830509,Masters,A,Major Loss,Ambulance,0,1,DC,Washington,18,AGENT00379,,
01-06-2020 00:00,TXN00000023,A00001482,PLC00007915,29-12-2011,28-05-2020,29-05-2020,Life,81.45,80000,Doris Yazzie,17109 Guava Avenue,,Panama City Beach,FL,32413,258-50-0636,N,44,49,Y,4,L,Rent,MI,20968245,XHTX98098767352371,Bachelor,A,Major Loss,Ambulance,1,1,CA,Woodland,7,AGENT00302,VNDR00375,
01-06-2020 00:00,TXN00000024,A00001719,PLC00000786,20-06-2015,22-05-2020,25-05-2020,Property,153.04,10000,Matt Mattis,1040 West 27th Avenue,#APT 000401,Anchorage,AK,99503,438-64-3416,Y,64,81,N,7,M,Rent,MI,71782933,NJKK70954001222323,NA,A,Total Loss,None,0,0,CO,Arvada,22,AGENT00266,VNDR00585,
01-06-2020 00:00,TXN00000025,A00000138,PLC00009960,29-10-2011,17-05-2020,22-05-2020,Property,120.31,30000,Roberto Trudel,110 Oxford Road,,Savannah,GA,31419,119-15-1075,Y,47,60,Y,5,L,Mortgage,MI,13763486,GDUZ05112182575401,Bachelor,A,Minor Loss,Police,1,0,FL,Lynn Haven,10,AGENT00947,,
01-06-2020 00:00,TXN00000026,A00001186,PLC00007391,18-03-2018,27-05-2020,28-05-2020,Property,87.09,37000,Brian Conley,1742 Allerford Drive,,Hanover,MD,21076,786-93-0182,Y,47,95,Y,5,H,Mortgage,MI,129853109,RKGB68336454670370,Bachelor,A,Minor Loss,Police,1,1,TN,Nashville,13,AGENT00070,VNDR00051,
01-06-2020 00:00,TXN00000027,A00006946,PLC00009230,30-12-2011,14-05-2020,19-05-2020,Health,130.78,17000,Barbara Clouthier,4329 Howe Street,,Oakland,CA,94611,363-11-4142,Y,26,28,Y,3,L,Rent,MI,96206630,TTLB31669942391037,PhD,A,Total Loss,Police,1,1,GA,Savannah,11,AGENT00739,,
01-06-2020 00:00,TXN00000028,A00004112,PLC00003274,23-06-2014,28-05-2020,29-05-2020,Health,119.4,19000,Elbert Felix,780 South Wilmington Avenue,#107,Fayetteville,AR,72701,438-24-0006,Y,57,85,Y,3,L,Own,HI,99964979,TPIY02608088603933,Masters,A,Minor Loss,Police,0,0,MA,Quincy,0,AGENT01169,VNDR00310,
01-06-2020 00:00,TXN00000029,A00004865,PLC00007448,29-08-2016,20-05-2020,25-05-2020,Property,159.2,37000,Ronald Shaver,4339 Oak Street,,Montgomery,AL,36105,892-06-1080,Y,43,32,N,3,L,Own,LI,125180326,POCQ85673947426778,Bachelor,A,Minor Loss,None,0,1,MD,Pasadena,7,AGENT00431,VNDR00339,
01-06-2020 00:00,TXN00000030,A00002422,PLC00005607,29-06-2019,18-05-2020,23-05-2020,Mobile,8.32,600,Lauren Loftin,1536 Rachaels Ridge,,Nashville,TN,37076,708-10-7356,N,58,49,Y,4,M,Own,HI,94974294,RUQN45743921948489,Bachelor,A,Major Loss,Police,0,1,CO,Arvada,19,AGENT00546,VNDR00233,
01-06-2020 00:00,TXN00000031,A00003691,PLC00009902,03-07-2010,14-05-2020,19-05-2020,Health,147.7,13000,Mildred Whitten,6225 West Citrus Way,,Glendale,AZ,85301,571-86-2413,N,25,117,Y,7,M,Rent,MI,49391929,EDWX65101648714154,PhD,A,Major Loss,Ambulance,1,0,CO,Arvada,3,AGENT00531,VNDR00249,
02-06-2020 00:00,TXN00000032,A00006915,PLC00008459,26-01-2016,20-05-2020,25-05-2020,Property,124.45,15000,Alyssa Bowen,57 Bremer Drive,,Glen Burnie,MD,21061,324-12-8749,N,41,106,Y,4,L,Rent,LI,47677166,POTY61852082916542,Bachelor,A,Minor Loss,Ambulance,1,1,AL,Montgomery,22,AGENT01134,,
02-06-2020 00:00,TXN00000033,A00009130,PLC00009575,28-03-2013,26-05-2020,28-05-2020,Life,51.18,27000,James Hendrickson,1010 M Street Northwest,,Washington,DC,20001,121-18-2947,Y,33,28,Y,7,M,Mortgage,LI,84128597,GVKB17765236114559,PhD,A,Minor Loss,Police,1,1,KY,Louisville,0,AGENT00552,,
02-06-2020 00:00,TXN00000034,A00001581,PLC00002330,24-05-2012,25-05-2020,28-05-2020,Mobile,8.38,100,Brent Lusk,33 Pond Avenue,#804,Brookline,MA,2445,884-70-6944,N,64,100,Y,5,L,Own,LI,26944098,TVMN53017065329095,Bachelor,A,Minor Loss,Other,1,1,CT,Manchester,17,AGENT00623,VNDR00045,
02-06-2020 00:00,TXN00000035,A00007890,PLC00005354,13-08-2014,17-05-2020,22-05-2020,Life,95.16,74000,Charles Johnson,2708 Mabel Street,M,Berkeley,CA,94702,400-09-6992,N,26,51,Y,2,L,Mortgage,LI,48917333,XJBP78174504296161,College,A,Major Loss,None,1,1,KY,Louisville,13,AGENT00313,VNDR00226,
02-06-2020 00:00,TXN00000036,A00003536,PLC00003499,14-02-2013,13-05-2020,18-05-2020,Life,66.73,69000,Gloria Davis,8642 Yule Street,,Arvada,CO,80007,609-62-9979,Y,30,100,Y,3,M,Mortgage,MI,52371279,MLQQ52836833984394,Masters,A,Minor Loss,Ambulance,1,0,MD,Pasadena,7,AGENT00886,,
02-06-2020 00:00,TXN00000037,A00008207,PLC00008260,22-06-2017,17-05-2020,22-05-2020,Mobile,8.27,300,Irene Metcalf,105 Ridgecrest Court,,Panama City,FL,32405,528-09-1289,Y,57,104,Y,4,L,Rent,MI,68178220,QVVL37112428156552,Bachelor,A,Minor Loss,Police,1,1,FL,Panama City,8,AGENT00690,,
02-06-2020 00:00,TXN00000038,A00003348,PLC00009265,28-02-2018,30-05-2020,30-05-2020,Life,50.3,18000,Patsy Cantu,450 C Street,,Hayward,CA,94541,003-13-0404,Y,30,35,Y,5,M,Own,MI,120615841,DVUO82204207227748,High School,A,Total Loss,Police,0,1,AL,Montgomery,14,AGENT00678,,
02-06-2020 00:00,TXN00000039,A00000014,PLC00005626,29-12-2011,21-05-2020,26-05-2020,Mobile,6.59,600,Louis Yang,10723 Colonial Woods Court,,Louisville,KY,40223,537-94-6385,Y,26,108,Y,4,L,Rent,HI,108078918,DZZS26513735959155,Masters,A,Minor Loss,Ambulance,0,0,DC,Washington,6,AGENT00132,VNDR00560,
02-06-2020 00:00,TXN00000040,A00006283,PLC00008977,27-07-2010,18-05-2020,23-05-2020,Mobile,11.04,600,Albert Wilkie,25 Church Street,A,Pittsfield,MA,1201,676-21-8617,Y,62,108,Y,5,H,Rent,MI,80775494,PEYZ72511103907481,PhD,A,Total Loss,Other,0,1,CT,Manchester,0,AGENT00284,,
02-06-2020 00:00,TXN00000041,A00003499,PLC00000212,17-07-2014,23-05-2020,26-05-2020,Life,86.77,34000,Paula Davis,3138 P Street Northwest,,Washington,DC,20007,240-40-7987,N,55,118,Y,5,L,Mortgage,LI,16085161,AUZC56642432965451,High School,A,Major Loss,Ambulance,0,0,CT,Manchester,2,AGENT00312,VNDR00018,
02-06-2020 00:00,TXN00000042,A00008902,PLC00006704,06-07-2015,20-05-2020,25-05-2020,Motor,89.11,2000,Dorothy James,161 Creek Road,,Middlebury,VT,5753,070-72-6085,Y,62,66,Y,4,H,Own,HI,101768063,DNIH58931093485640,Masters,A,Minor Loss,Police,0,1,AK,Anchorage,14,AGENT00622,VNDR00560,
02-06-2020 00:00,TXN00000043,A00002740,PLC00003271,05-09-2010,18-05-2020,23-05-2020,Property,140.72,35000,Wayne Landrum,123 Elizabeth Drive,,Manchester,CT,6042,805-55-1701,Y,57,93,Y,3,L,Rent,HI,63890969,XCCN77413681932167,PhD,A,Total Loss,Police,1,1,AR,Farmington,0,AGENT00896,VNDR00086,
02-06-2020 00:00,TXN00000044,A00009289,PLC00005560,27-07-2018,22-05-2020,27-05-2020,Property,129.9,18000,Edward Igtanloc,5038 North Cimarron Drive,,Beverly Hills,FL,34465,406-18-6432,N,32,55,Y,6,L,Own,MI,88497800,TDZX14521972398113,High School,A,Minor Loss,Ambulance,1,1,OK,Oklahoma City,18,AGENT00744,,
02-06-2020 00:00,TXN00000045,A00007672,PLC00006003,28-11-2012,24-05-2020,27-05-2020,Life,84.99,66000,Cheryl Silva,1163 Rosedale Drive,,Montgomery,AL,36107,304-55-2565,Y,39,51,N,3,L,Own,MI,52142877,ZWDK87915849039058,College,A,Minor Loss,Ambulance,1,1,AL,Montgomery,16,AGENT00617,,
02-06-2020 00:00,TXN00000046,A00000956,PLC00009442,01-10-2012,28-05-2020,29-05-2020,Travel,90.04,5000,Mary Cotton,5205 West Thunderbird Road,#1042,Glendale,AZ,85306,457-41-8492,Y,51,105,Y,2,M,Rent,MI,62624709,ESDM80770942826459,High School,A,Minor Loss,None,1,1,AR,Farmington,5,AGENT00969,VNDR00071,
02-06-2020 00:00,TXN00000047,A00000134,PLC00002112,09-12-2010,26-05-2020,28-05-2020,Motor,117.72,7000,Harold Garcia,1004 Bellflower Street,,Livermore,CA,94551,089-20-6131,N,31,39,Y,7,L,Rent,MI,66376794,SVBH69026302599270,High School,D,Major Loss,Police,0,0,CO,Arvada,0,AGENT00642,,
02-06-2020 00:00,TXN00000048,A00006528,PLC00006887,28-07-2017,31-05-2020,31-05-2020,Property,109.74,15000,Tori Mcbride,2868 Peak Road,,Wheelock,VT,5851,600-66-0177,Y,31,42,Y,4,L,Rent,LI,25506152,HPNJ35229119468476,High School,D,Minor Loss,None,0,1,VT,Richmond,2,AGENT00845,VNDR00009,
02-06-2020 00:00,TXN00000049,A00008607,PLC00003012,09-09-2018,29-05-2020,30-05-2020,Mobile,9.05,300,Bertha Roseman,9912 Shirewick Way,,Louisville,KY,40272,833-27-9802,N,56,115,Y,5,M,Mortgage,HI,37023694,IXWO46656763995594,Bachelor,A,Major Loss,Ambulance,1,1,DC,Washington,22,AGENT00580,,
02-06-2020 00:00,TXN00000050,A00004589,PLC00003093,07-05-2016,23-05-2020,26-05-2020,Motor,116.99,10000,Travis Louis,6988 West Blackhawk Drive,,Glendale,AZ,85308,099-80-2815,N,51,88,Y,7,M,Own,MI,60549064,KMUD72296439165444,College,A,Minor Loss,Ambulance,0,0,AZ,Glendale,13,AGENT00697,VNDR00488,
02-06-2020 00:00,TXN00000051,A00002074,PLC00003805,15-03-2015,13-05-2020,18-05-2020,Mobile,11.04,400,Marion Dollyhigh,200 Edgewood Way,,Louisville,KY,40243,342-01-9180,Y,49,20,N,2,H,Mortgage,MI,124990371,SNHD15581740138573,PhD,A,Total Loss,Ambulance,1,1,VT,Greensboro,22,AGENT00780,,
02-06-2020 00:00,TXN00000052,A00000481,PLC00001551,07-04-2017,15-05-2020,20-05-2020,Mobile,6.63,600,Thomas Lancon,31 Hills Point Road,,Charlotte,VT,5445,113-92-5138,Y,64,59,Y,7,L,Own,LI,43037069,PJIY57215323019683,Bachelor,A,Total Loss,Other,0,1,AL,Montgomery,22,AGENT01183,VNDR00277,
02-06-2020 00:00,TXN00000053,A00009041,PLC00009146,27-05-2013,29-05-2020,30-05-2020,Motor,82.82,9000,Wanda Ellison,812 Southwest 151st Street,,Oklahoma City,OK,73170,690-70-2051,N,43,34,Y,7,L,Mortgage,MI,122837245,GOHK04433169519680,College,A,Major Loss,Ambulance,0,0,AK,Anchorage,21,AGENT00293,VNDR00025,
02-06-2020 00:00,TXN00000054,A00000859,PLC00008827,05-09-2017,27-05-2020,29-05-2020,Property,104.05,16000,Donald Meehan,10001 Pheasant Lane,,Oklahoma City,OK,73162,256-95-2029,Y,41,106,N,7,L,Rent,MI,88353591,GZRX57828572868183,Bachelor,A,Minor Loss,Ambulance,1,1,GA,Savannah,5,AGENT01049,VNDR00448,
02-06-2020 00:00,TXN00000055,A00000583,PLC00005283,29-06-2011,20-05-2020,25-05-2020,Property,137.02,19000,Phillip Walker,7030 Cotton Blossom Lane,,Montgomery,AL,36117,510-04-6704,Y,46,49,Y,3,M,Rent,MI,106596832,TWRC19045429434630,Bachelor,A,Total Loss,Ambulance,1,1,MD,Glen Burnie,9,AGENT00046,VNDR00445,
02-06-2020 00:00,TXN00000056,A00004719,PLC00002737,01-04-2015,16-05-2020,21-05-2020,Travel,75.99,3000,Claire Carter,68 Route 66,,,VT,5149,231-40-5595,Y,64,92,Y,5,L,Rent,HI,92470130,MQNM96349350027601,College,A,Total Loss,Ambulance,1,0,MA,Waltham,19,AGENT00224,VNDR00498,
02-06-2020 00:00,TXN00000057,A00002089,PLC00009114,02-07-2010,19-05-2020,24-05-2020,Motor,92.71,2000,Antony Ender,1418 Paddocks Court,,Crownsville,MD,21032,697-38-5325,N,47,102,Y,2,H,Mortgage,MI,72406182,DWQY63421510919755,High School,A,Total Loss,Police,1,1,CA,Jackson,7,AGENT00410,VNDR00358,
02-06-2020 00:00,TXN00000058,A00004245,PLC00001839,18-11-2019,29-05-2020,30-05-2020,Property,111.33,30000,John Tilley,333 Saint Charles Avenue,#B2,Fayetteville,AR,72701,662-23-6761,N,36,15,Y,2,L,Rent,LI,68771096,YDMW11240259428960,College,A,Total Loss,Ambulance,1,1,AK,Anchorage,14,AGENT00515,VNDR00164,
02-06-2020 00:00,TXN00000059,A00009116,PLC00007965,25-06-2019,21-05-2020,26-05-2020,Mobile,8.51,300,John Flores,589 East Main Street,,Newport,VT,5855,006-21-5361,Y,48,16,Y,2,L,Mortgage,MI,54275263,YLHY94788738769738,MD,A,Major Loss,Ambulance,1,1,OK,Oklahoma City,21,AGENT00824,VNDR00083,
02-06-2020 00:00,TXN00000060,A00003178,PLC00003361,30-08-2019,19-05-2020,24-05-2020,Travel,97.08,2000,Edward Laderman,702 East 53rd Street,,Savannah,GA,31405,480-78-6356,Y,56,104,Y,7,L,Own,LI,17460895,SMAE47168586745493,High School,A,Total Loss,None,1,0,KY,Louisville,11,AGENT00288,,
02-06-2020 00:00,TXN00000061,A00005466,PLC00000652,27-08-2010,19-05-2020,24-05-2020,Property,155.05,16000,Margaret Bolen,4316 Sunnybrook Drive,,Montgomery,AL,36108,456-25-1821,Y,32,12,Y,2,L,Rent,MI,129055774,LNCN35545852997825,NA,A,Minor Loss,Ambulance,1,0,VT,Fairfax,15,AGENT00308,VNDR00457,
02-06-2020 00:00,TXN00000062,A00007369,PLC00001585,19-07-2018,21-05-2020,26-05-2020,Property,124.97,35000,Calvin Eichelberger,1001 6th Street Northwest,,Washington,DC,20001,212-38-2492,Y,42,14,Y,7,H,Mortgage,MI,129687524,MYKU47380246034439,Masters,A,Total Loss,Other,0,1,OK,Oklahoma City,21,AGENT01028,VNDR00383,
02-06-2020 00:00,TXN00000063,A00002702,PLC00003400,21-05-2017,24-05-2020,27-05-2020,Property,151.81,15000,Arthur Mitchell,4113 Holiday Drive,,Panama City,FL,32408,503-23-1603,Y,53,69,N,7,L,Mortgage,HI,67082223,DXAP62849781819185,High School,A,Minor Loss,Ambulance,1,1,AZ,Glendale,20,AGENT00111,VNDR00010,
02-06-2020 00:00,TXN00000064,A00006128,PLC00000459,27-10-2014,01-06-2020,01-06-2020,Property,121.54,31000,Debra Oliphant,819 Beazer Lane,,Nashville,TN,37013,547-03-8985,N,40,108,Y,5,L,Own,HI,58989209,VUQP55717718058143,PhD,A,Major Loss,Police,1,1,MD,Annapolis,22,AGENT00697,VNDR00269,
02-06-2020 00:00,TXN00000065,A00001291,PLC00004134,10-09-2015,31-05-2020,31-05-2020,Travel,77.47,3000,Mariann Hill,4770 Balboa Way,,Fremont,CA,94536,260-75-2618,Y,39,16,Y,7,M,Rent,MI,33604525,WBAI50060157750979,Masters,D,Total Loss,Ambulance,0,0,MD,Millersville,12,AGENT00018,VNDR00314,
02-06-2020 00:00,TXN00000066,A00000261,PLC00006979,17-02-2011,26-05-2020,28-05-2020,Life,67.55,96000,Michael Beltrami,210 Lacross Lane,,Westmore,VT,5860,451-75-0398,Y,28,13,Y,5,M,Mortgage,MI,123535287,NIKX08316034181330,High School,A,Major Loss,Police,1,1,CT,Manchester,13,AGENT00612,,
02-06-2020 00:00,TXN00000067,A00008288,PLC00000241,25-03-2018,15-05-2020,20-05-2020,Travel,98.49,2000,Marion Coffey,8376 Albacore Drive,,Pasadena,MD,21122,456-23-3939,N,37,96,Y,5,L,Own,HI,90534463,ORIX99111215780425,High School,A,Total Loss,Other,1,0,AK,Anchorage,5,AGENT00141,VNDR00383,
03-06-2020 00:00,TXN00000068,A00009904,PLC00004191,03-11-2014,02-06-2020,02-06-2020,Mobile,11.21,400,Denise Blake,188 Saint Matthews Avenue,#1,Louisville,KY,40207,397-02-6816,Y,53,54,Y,6,M,Own,MI,68127035,KXMI18864169803227,Bachelor,A,Total Loss,Other,1,1,CT,Manchester,10,AGENT00572,,
03-06-2020 00:00,TXN00000069,A00007027,PLC00008450,09-02-2011,28-05-2020,30-05-2020,Health,156.2,3000,William Martin,2707 Eden Street,,Nashville,TN,37208,234-71-8403,Y,36,82,N,4,L,Rent,MI,125033376,VDAJ67452473390304,Bachelor,A,Total Loss,Police,0,0,CA,Oakland,7,AGENT00565,VNDR00239,
03-06-2020 00:00,TXN00000070,A00003818,PLC00008734,23-09-2019,23-05-2020,28-05-2020,Mobile,7.23,100,Jacqueline Simpson,6120 Southeast 84th Street,,Oklahoma City,OK,73135,149-26-5568,N,47,16,Y,5,M,Own,MI,37326061,UWLR26207782157320,High School,A,Major Loss,Other,1,1,AR,Fayetteville,9,AGENT00603,,
03-06-2020 00:00,TXN00000071,A00005168,PLC00000010,30-01-2019,24-05-2020,27-05-2020,Mobile,11.63,400,James Thurgood,706 James Road,,Glen Burnie,MD,21061,436-11-4663,Y,33,51,Y,2,M,Mortgage,MI,96197820,MWMS58295299243238,Bachelor,A,Total Loss,Ambulance,1,0,AK,Anchorage,1,AGENT01107,VNDR00033,
03-06-2020 00:00,TXN00000072,A00007705,PLC00009039,09-01-2013,30-05-2020,31-05-2020,Travel,74.36,5000,Mathew Sims,88 Pine Valley Road,,Savannah,GA,31404,336-07-2797,N,56,40,Y,3,L,Rent,MI,125921653,RUYI99196056833871,Bachelor,A,Total Loss,Police,0,1,CO,Arvada,5,AGENT00615,VNDR00407,
03-06-2020 00:00,TXN00000073,A00000877,PLC00008900,24-06-2015,21-05-2020,26-05-2020,Life,76.97,99000,Jeremy Riccio,1823 North Munchkin Lane,,Fayetteville,AR,72704,437-26-6789,Y,52,108,Y,7,L,Mortgage,LI,24029287,LDWA59377646592079,Bachelor,A,Minor Loss,Ambulance,0,1,FL,Panama City Beach,3,AGENT00309,,
03-06-2020 00:00,TXN00000074,A00006847,PLC00009501,14-10-2016,01-06-2020,01-06-2020,Mobile,6.15,300,Susan Petersen,7564 Moore Court,,Arvada,CO,80005,799-30-1508,Y,60,81,Y,3,M,Mortgage,LI,100635032,SCFN69376731252147,College,A,Total Loss,Ambulance,0,1,AL,Montgomery,9,AGENT00315,VNDR00056,
03-06-2020 00:00,TXN00000075,A00005205,PLC00009466,29-10-2018,14-05-2020,19-05-2020,Life,78.34,52000,Anthony Girard,122 40th Avenue North,,Nashville,TN,37209,272-52-4093,Y,60,55,Y,4,L,Own,MI,68979872,KWVC21025851627676,Bachelor,A,Minor Loss,Ambulance,1,0,CO,Telluride,17,AGENT00561,,
03-06-2020 00:00,TXN00000076,A00009078,PLC00001505,15-08-2014,17-05-2020,22-05-2020,Life,67.88,59000,Eileen Svoboda,201 Lee Boulevard,,Savannah,GA,31405,419-57-7880,Y,50,34,Y,4,H,Own,HI,13266284,LPRW62498784186262,Bachelor,A,Major Loss,Ambulance,1,1,CO,Wheat Ridge,19,AGENT00935,VNDR00521,
03-06-2020 00:00,TXN00000077,A00000804,PLC00006719,09-07-2011,14-05-2020,19-05-2020,Life,68.72,60000,William Zeigler,1907 18th Avenue South,,Nashville,TN,37212,712-50-7492,Y,32,85,Y,7,H,Rent,MI,57251080,OKLJ47377309574939,High School,A,Major Loss,None,1,1,CA,Livermore,5,AGENT00210,VNDR00488,
03-06-2020 00:00,TXN00000078,A00004234,PLC00005127,05-06-2017,27-05-2020,29-05-2020,Life,86.31,39000,James Hodges,6244 Sun River Drive,,Sacramento,CA,95824,617-93-2552,N,42,54,Y,7,M,Mortgage,HI,48042266,OIRL83198441679063,Bachelor,A,Major Loss,Ambulance,1,0,AR,Fayetteville,17,AGENT00283,,
03-06-2020 00:00,TXN00000079,A00002003,PLC00004274,26-08-2013,22-05-2020,27-05-2020,Motor,100.14,7000,Carlos Montello,11 Adams Street,,Arlington,MA,2474,272-67-3130,Y,33,36,Y,6,L,Mortgage,MI,70808151,AQSW31408853293828,High School,A,Major Loss,Police,1,1,CA,Oakland,15,AGENT00094,,
03-06-2020 00:00,TXN00000080,A00000193,PLC00000742,28-07-2018,02-06-2020,02-06-2020,Travel,81.79,4000,Gary Enciso,6029 Wright Street,,Arvada,CO,80004,146-19-8530,N,63,43,N,3,M,Rent,HI,91528834,SVZH06416802060236,MD,A,Major Loss,Ambulance,1,0,AR,Fayetteville,4,AGENT00680,,
03-06-2020 00:00,TXN00000081,A00009864,PLC00003666,05-11-2011,24-05-2020,27-05-2020,Life,88.05,79000,Melva Ramirez,1601 East 19th Street,,Edmond,OK,73013,534-60-3358,Y,36,42,Y,5,M,Rent,MI,84698742,VMBU84247946324312,High School,A,Minor Loss,Ambulance,1,0,GA,Savannah,21,AGENT00319,,
03-06-2020 00:00,TXN00000082,A00003565,PLC00003125,12-11-2013,18-05-2020,23-05-2020,Travel,89.36,2000,Richard Lavalle,25 Cliffside Drive,D,Manchester,CT,6042,548-31-5757,Y,36,29,Y,3,L,Mortgage,MI,29202766,PIUV90926355381873,MD,A,Major Loss,Ambulance,0,0,GA,Savannah,10,AGENT00630,VNDR00287,
03-06-2020 00:00,TXN00000083,A00006009,PLC00000069,05-02-2016,31-05-2020,31-05-2020,Life,95.04,14000,Marion Talley,1742 Allerford Drive,,Hanover,MD,21076,541-76-7031,Y,35,39,Y,6,L,Mortgage,MI,100109432,NTOW28603891064553,Bachelor,A,Minor Loss,Ambulance,0,1,AK,Anchorage,10,AGENT00559,VNDR00466,
03-06-2020 00:00,TXN00000084,A00000670,PLC00003987,01-06-2017,30-05-2020,31-05-2020,Mobile,11.57,100,Diane Givens,529 Wesley Avenue,,Nashville,TN,37207,075-78-0354,N,44,107,Y,3,L,Rent,MI,29906017,YTET50639634222457,College,A,Minor Loss,None,0,0,FL,Panama City,13,AGENT00771,,
03-06-2020 00:00,TXN00000085,A00002691,PLC00000988,25-11-2016,14-05-2020,19-05-2020,Motor,109.33,6000,Jimmie Herbert,1109 East Glenn Lane,,Fayetteville,AR,72703,179-57-6712,Y,50,69,Y,6,L,Rent,HI,55087874,TSKD01439997678225,Bachelor,A,Total Loss,None,1,1,FL,Youngstown,0,AGENT00304,VNDR00077,
03-06-2020 00:00,TXN00000086,A00007463,PLC00005994,13-07-2014,28-05-2020,30-05-2020,Motor,126.63,1000,James Miles,2505 Walker Lane,,Nashville,TN,37207,011-48-0223,Y,34,35,Y,4,L,Mortgage,HI,19193047,FLAM36431792451626,Bachelor,A,Major Loss,Police,0,1,CO,Arvada,9,AGENT00167,VNDR00541,
03-06-2020 00:00,TXN00000087,A00007262,PLC00009746,29-08-2011,30-05-2020,31-05-2020,Life,77.65,78000,Monica Threlkeld,1518 Jenks Avenue,,Panama City,FL,32405,742-23-3926,Y,25,75,Y,5,M,Mortgage,MI,30487525,DDMD49207586809542,High School,A,Major Loss,Ambulance,1,0,CA,Hesperia,16,AGENT00792,VNDR00588,
03-06-2020 00:00,TXN00000088,A00009910,PLC00005185,31-01-2011,21-05-2020,26-05-2020,Motor,82,10000,Tasha Bolds,7095 Gladiola Street,,Arvada,CO,80004,756-36-8621,Y,61,21,Y,5,L,Own,MI,60112527,TKHQ65303425843472,College,A,Minor Loss,None,0,1,FL,Lynn Haven,4,AGENT00001,VNDR00394,
03-06-2020 00:00,TXN00000089,A00005802,PLC00001608,25-04-2017,31-05-2020,31-05-2020,Health,102.63,9000,Joseph Walt,4329 Howe Street,,Oakland,CA,94611,870-21-9085,N,63,96,Y,3,L,Own,LI,60298742,RHPR40702585454712,Bachelor,A,Major Loss,None,0,1,MA,Lowell,4,AGENT00955,,
03-06-2020 00:00,TXN00000090,A00006267,PLC00000932,07-08-2017,27-05-2020,29-05-2020,Health,199.63,16000,Kate Tito,6228 West Larkspur Drive,,Glendale,AZ,85304,290-88-1317,N,26,47,Y,3,L,Mortgage,MI,55301220,WIXZ74111109339982,High School,A,Major Loss,Police,1,1,FL,Panama City,9,AGENT00428,,
04-06-2020 00:00,TXN00000091,A00002978,PLC00006683,10-04-2017,20-05-2020,25-05-2020,Travel,62.02,1000,Mary Todd,32 Prospect Street,#32,Manchester,CT,6040,566-79-4331,N,45,85,Y,4,L,Mortgage,MI,54970018,SUUV71152153360182,MD,A,Minor Loss,Ambulance,0,1,OK,Oklahoma City,22,AGENT01136,VNDR00086,
04-06-2020 00:00,TXN00000092,A00009572,PLC00006462,16-01-2019,15-05-2020,20-05-2020,Health,153.52,19000,Vivian Kiesel,120 North Hurstbourne Parkway,#622,Louisville,KY,40222,300-10-2252,Y,28,108,Y,6,L,Rent,MI,74447301,TYFC08826193597098,High School,A,Minor Loss,Other,1,0,TN,Nashville,9,AGENT00573,VNDR00532,
04-06-2020 00:00,TXN00000093,A00007477,PLC00008821,05-06-2015,23-05-2020,28-05-2020,Health,116.27,7000,Anthony Carpenter,178 Old Homestead Road,,Danville,VT,5873,653-32-2994,Y,60,119,Y,3,H,Own,HI,96851302,XWLE56259722141004,High School,A,Major Loss,Ambulance,1,1,CA,Oakland,7,AGENT00474,VNDR00251,
04-06-2020 00:00,TXN00000094,A00009513,PLC00001274,29-05-2016,30-05-2020,31-05-2020,Travel,72.52,1000,Catherine Wells,4132 Northwest 57th Street,,Oklahoma City,OK,73112,649-10-1315,Y,47,94,Y,6,L,Mortgage,HI,71213981,GTDR12445399698090,High School,A,Total Loss,Police,1,1,OK,Moore,10,AGENT00908,,
04-06-2020 00:00,TXN00000095,A00009706,PLC00004892,12-08-2017,31-05-2020,01-06-2020,Life,83.23,95000,Mariana Waller,2269 Eastern Boulevard,,Montgomery,AL,36117,364-41-2374,Y,55,71,Y,6,M,Own,HI,120761025,MLUP31594025904269,Masters,A,Major Loss,None,0,1,MD,Davidsonville,6,AGENT00254,VNDR00508,
04-06-2020 00:00,TXN00000096,A00006240,PLC00007252,01-07-2014,26-05-2020,29-05-2020,Motor,116.8,9000,Brent Fly,1710 Massachusetts Avenue Southeast,,Washington,DC,20003,625-60-3268,N,55,64,Y,5,L,Rent,HI,17340229,AFOX71534860996404,MD,A,Total Loss,Ambulance,0,1,AK,Anchorage,13,AGENT00482,,
04-06-2020 00:00,TXN00000097,A00000327,PLC00000801,31-07-2014,31-05-2020,01-06-2020,Life,82.05,15000,Christopher Lee,4822 Piney Branch Road Northwest,,Washington,DC,20011,043-38-2996,Y,35,75,Y,2,M,Mortgage,LI,67735004,LYEE25143836827709,Bachelor,A,Total Loss,None,0,0,DC,Washington,8,AGENT00397,,
04-06-2020 00:00,TXN00000098,A00000762,PLC00000840,26-02-2017,25-05-2020,28-05-2020,Life,75.6,41000,Donna Delosh,4463 Cato Road,,Nashville,TN,37218,208-35-1567,Y,45,80,Y,4,M,Own,MI,33778930,GQAB53778167069080,Bachelor,A,Total Loss,Police,1,0,FL,Panama City,7,AGENT00786,,
04-06-2020 00:00,TXN00000099,A00008559,PLC00009832,27-10-2015,26-05-2020,29-05-2020,Mobile,9.14,300,Alice Murphy,6201 West Olive Avenue,#3172,Glendale,AZ,85302,728-95-2336,N,49,44,Y,3,M,Rent,MI,44685711,BSSO23961141566088,High School,A,Minor Loss,Ambulance,1,1,GA,Savannah,10,AGENT00943,VNDR00597,
04-06-2020 00:00,TXN00000100,A00007283,PLC00001227,25-09-2014,30-05-2020,31-05-2020,Mobile,11.34,200,Chester Castleberry,5630 Silverado Way,#STE A8,Anchorage,AK,99518,808-58-3958,Y,60,77,Y,5,H,Rent,LI,42321365,UVBS97445040414690,High School,A,Major Loss,Ambulance,1,0,CA,Cupertino,13,AGENT00011,,
04-06-2020 00:00,TXN00000101,A00007243,PLC00001199,15-01-2016,16-05-2020,21-05-2020,Property,89.76,31000,Mary Cloud,713 East 32nd Street,,Savannah,GA,31401,740-54-8067,N,37,42,Y,6,M,Mortgage,HI,49442975,THRA06877884023974,High School,A,Major Loss,Ambulance,1,1,AZ,Glendale,10,AGENT00007,VNDR00057,
04-06-2020 00:00,TXN00000102,A00007330,PLC00009936,07-03-2019,15-05-2020,20-05-2020,Motor,136.47,1000,Bernice Santomauro,410 West 89th Avenue,,Anchorage,AK,99515,459-94-0130,Y,50,114,N,3,L,Mortgage,MI,34660791,DRQM30517663632740,Bachelor,A,Total Loss,Ambulance,0,1,AZ,Glendale,23,AGENT00691,,
04-06-2020 00:00,TXN00000103,A00009946,PLC00002086,20-10-2016,16-05-2020,21-05-2020,Motor,127.87,7000,William Wilson,7758 Betty Louise Drive,,Panama City,FL,32404,686-63-6813,N,39,72,N,5,M,Own,MI,44270838,SDXY13641574986741,MD,A,Total Loss,None,1,1,AL,Montgomery,8,AGENT00198,VNDR00344,
04-06-2020 00:00,TXN00000104,A00005849,PLC00009821,25-12-2012,02-06-2020,02-06-2020,Travel,60.87,3000,Kara Williams,1010 10th Street Northeast,,Washington,DC,20002,103-81-9181,Y,42,64,Y,2,L,Rent,MI,44799526,CHPZ96402007963980,High School,A,Minor Loss,Police,1,0,DC,Washington,7,AGENT00869,,
04-06-2020 00:00,TXN00000105,A00008151,PLC00008510,21-06-2012,21-05-2020,26-05-2020,Life,92.65,19000,Kenneth Hill,97 Lincoln Street,,Fitchburg,MA,1420,464-79-0337,N,61,117,Y,5,H,Mortgage,LI,116835761,GIZJ02671068635332,Bachelor,A,Major Loss,Police,0,0,VT,Saint Albans City,1,AGENT01177,,
04-06-2020 00:00,TXN00000106,A00004744,PLC00004764,14-05-2018,01-06-2020,01-06-2020,Life,96.95,50000,Nathaniel Graham,721 Bay Ridge Avenue,,Annapolis,MD,21403,502-53-3503,N,47,19,Y,4,L,Mortgage,MI,38448948,TIUN70847460970347,Bachelor,A,Major Loss,Ambulance,1,1,CA,Suisun City,5,AGENT01119,,
04-06-2020 00:00,TXN00000107,A00007865,PLC00005716,17-11-2011,25-05-2020,28-05-2020,Life,69.59,84000,Gary Patten,8513 Pipit Court,,Montgomery,AL,36117,673-18-5241,Y,47,94,Y,2,M,Rent,LI,18081082,AZIG27430896017363,Masters,A,Minor Loss,Other,0,0,CA,Hayward,12,AGENT00603,VNDR00474,
04-06-2020 00:00,TXN00000108,A00007480,PLC00004335,13-02-2011,30-05-2020,31-05-2020,Property,94.33,20000,Martin Tommolino,2130 Loren Circle,,Fayetteville,AR,72701,325-51-7713,Y,40,85,N,7,L,Mortgage,LI,118892951,ZBGE59822922752152,High School,A,Major Loss,Ambulance,1,0,AL,Montgomery,11,AGENT00265,VNDR00360,
04-06-2020 00:00,TXN00000109,A00001988,PLC00009445,29-12-2012,19-05-2020,24-05-2020,Life,71.65,78000,Michelle Thomas,1426 C Street Southeast,,Washington,DC,20003,194-45-6875,Y,64,42,Y,2,M,Rent,LI,126641864,KHJQ47024208328419,NA,A,Total Loss,Police,0,1,TN,Nashville,14,AGENT01042,VNDR00046,
04-06-2020 00:00,TXN00000110,A00005653,PLC00009597,30-11-2014,20-05-2020,25-05-2020,Travel,96.33,2000,Fannie Williams,954 Dowler Drive,,Eureka,CA,95501,572-47-3887,Y,51,54,Y,5,M,Rent,LI,102879003,FVDZ13475975375755,Bachelor,A,Minor Loss,Ambulance,1,1,CT,Manchester,21,AGENT00491,VNDR00233,
04-06-2020 00:00,TXN00000111,A00007305,PLC00000246,06-04-2011,19-05-2020,24-05-2020,Mobile,9.58,600,Sean Billotte,1939 Greenwood Street,,Savannah,GA,31404,786-78-7210,N,60,84,Y,2,M,Rent,HI,48061878,QAXP11184157169973,Masters,A,Major Loss,Other,0,0,DC,Washington,5,AGENT01181,VNDR00170,
04-06-2020 00:00,TXN00000112,A00001480,PLC00005653,16-06-2019,20-05-2020,25-05-2020,Motor,134.55,6000,Ida Nam,130 Carolina Cherry Circle,,Pooler,GA,31322,456-75-3361,Y,57,51,Y,5,L,Mortgage,HI,87170610,GLEC40810031443204,High School,A,Major Loss,Ambulance,1,1,AK,Anchorage,0,AGENT00028,VNDR00423,
04-06-2020 00:00,TXN00000113,A00004702,PLC00008292,25-04-2017,16-05-2020,21-05-2020,Motor,107.72,3000,Sarah Toms,23 Columbia Drive,,Manchester,CT,6042,020-74-8449,N,62,27,N,4,L,Own,HI,78061437,RXQG14833089665129,Masters,A,Total Loss,Police,0,1,OK,Midwest City,12,AGENT00383,,
04-06-2020 00:00,TXN00000114,A00001148,PLC00001545,19-06-2018,15-05-2020,20-05-2020,Health,189.17,10000,Jorge Anderson,4331 Foeburn Lane,,Louisville,KY,40207,692-56-5856,Y,47,11,Y,2,L,Rent,HI,65804995,GQSO10717982606748,High School,D,Total Loss,Police,0,0,CO,Arvada,17,AGENT00438,,
04-06-2020 00:00,TXN00000115,A00002262,PLC00009583,17-11-2013,22-05-2020,27-05-2020,Travel,61.14,3000,Jorge Silva,122 40th Avenue North,,Nashville,TN,37209,117-48-1831,N,32,63,Y,2,M,Rent,LI,123024361,DEOS96005601566680,Bachelor,A,Major Loss,Ambulance,0,0,CT,Manchester,8,AGENT00969,,
04-06-2020 00:00,TXN00000116,A00003291,PLC00002578,17-11-2012,21-05-2020,26-05-2020,Mobile,8.41,100,Andrea Silver,65 Arcellia Drive,,Manchester,CT,6042,138-64-7282,Y,33,72,Y,7,L,Mortgage,MI,30209790,PYEO78803173632706,Masters,A,Major Loss,Ambulance,1,1,VT,Colchester,20,AGENT00694,VNDR00375,
04-06-2020 00:00,TXN00000117,A00008706,PLC00009641,23-12-2019,26-05-2020,29-05-2020,Life,82.01,100000,Jacinta Suiter,1352 Purdue Street,,San Leandro,CA,94579,391-13-1057,Y,49,56,Y,2,M,Own,LI,116460767,HBYS96678614544912,Bachelor,A,Total Loss,Ambulance,0,0,AR,Fayetteville,23,AGENT01193,VNDR00117,
04-06-2020 00:00,TXN00000118,A00004966,PLC00009191,09-12-2015,21-05-2020,26-05-2020,Property,116.87,21000,Mary Hartman,8 Richardson Road,,Barre,VT,5641,234-25-8811,Y,57,60,Y,7,L,Own,HI,111206201,MNNA09606235497191,College,A,Major Loss,Police,1,0,CT,Manchester,5,AGENT00353,,
04-06-2020 00:00,TXN00000119,A00001137,PLC00002557,19-10-2014,31-05-2020,01-06-2020,Mobile,6.19,700,Nan Mottet,129 Grant Street,,Redlands,CA,92373,443-40-1985,Y,26,43,Y,7,L,Mortgage,MI,63272422,QKOY06063233104725,High School,A,Minor Loss,Ambulance,1,1,MD,Glen Burnie,7,AGENT00382,,
04-06-2020 00:00,TXN00000120,A00000013,PLC00009110,30-09-2015,29-05-2020,31-05-2020,Travel,95.96,4000,Vivian Wallace,6021 Yarrow Street,#A1,Arvada,CO,80004,615-16-4875,Y,45,32,Y,5,L,Mortgage,LI,21230066,ZXDH04900415473436,NA,A,Minor Loss,Other,0,0,GA,Pooler,18,AGENT00391,VNDR00313,
04-06-2020 00:00,TXN00000121,A00000875,PLC00000808,20-03-2014,22-05-2020,27-05-2020,Life,56.22,97000,Jonathan Hurley,1311 Northwest 98th Street,,Oklahoma City,OK,73114,464-61-7377,Y,37,51,Y,5,M,Rent,LI,110556017,IRUI67364387423588,MD,D,Major Loss,Police,0,1,FL,Panama City,12,AGENT00861,VNDR00256,
04-06-2020 00:00,TXN00000122,A00001718,PLC00002342,22-05-2016,19-05-2020,24-05-2020,Mobile,10.22,700,Victoria Learn,1613 Ensenada Way,,Aurora,CO,80011,539-12-9909,N,42,107,Y,2,M,Mortgage,HI,20294773,NGPL24180530648574,High School,A,Major Loss,Police,1,0,CA,Sacramento,14,AGENT00476,,
05-06-2020 00:00,TXN00000123,A00002165,PLC00002564,05-05-2018,31-05-2020,01-06-2020,Property,139.5,15000,Michael Macklin,36528 Short Circle,,Kenai,AK,99611,235-38-2304,N,54,40,Y,3,M,Mortgage,MI,123580407,KITZ39837087196848,PhD,D,Minor Loss,Ambulance,1,1,CO,Arvada,18,AGENT01038,,
05-06-2020 00:00,TXN00000124,A00003051,PLC00004192,13-08-2017,24-05-2020,29-05-2020,Travel,59.16,4000,Joe Capps,760 11th Street Southeast,,Washington,DC,20003,534-08-7598,Y,29,36,Y,4,M,Mortgage,MI,60977474,ARNK06100271196732,High School,A,Major Loss,Police,0,1,GA,Savannah,13,AGENT00280,VNDR00293,
05-06-2020 00:00,TXN00000125,A00009892,PLC00003171,14-07-2011,03-06-2020,03-06-2020,Life,74.25,86000,Francine Scott,42 Adams Road,#45,Greenfield,MA,1301,169-22-9491,Y,25,54,Y,6,L,Own,LI,84846361,ZJEG34634342087902,High School,A,Minor Loss,None,1,1,CA,Berkeley,17,AGENT00280,VNDR00591,
05-06-2020 00:00,TXN00000126,A00004106,PLC00000497,10-08-2016,18-05-2020,23-05-2020,Life,51.12,36000,Brian Morison,1026 Orchard Avenue,,Louisville,KY,40213,154-16-8898,N,56,46,Y,7,H,Mortgage,HI,47705465,OCQO79652626349279,Bachelor,A,Total Loss,None,1,0,OK,Midwest City,5,AGENT01006,VNDR00519,
05-06-2020 00:00,TXN00000127,A00005034,PLC00005273,26-03-2013,20-05-2020,25-05-2020,Life,52.71,43000,Steve Painter,5600 Carmichael Road,,Montgomery,AL,36117,380-14-1874,Y,57,35,Y,3,M,Rent,LI,64078719,TMAM84115416566434,Bachelor,A,Total Loss,Police,1,1,AK,Anchorage,5,AGENT01114,VNDR00280,
05-06-2020 00:00,TXN00000128,A00008198,PLC00000862,13-11-2016,26-05-2020,29-05-2020,Motor,111.08,5000,John Tefft,5815 West Del Lago Circle,,Glendale,AZ,85308,420-43-9469,Y,41,119,Y,6,L,Mortgage,LI,63139976,OBTX71197753063706,Bachelor,A,Minor Loss,Other,0,0,GA,Savannah,23,AGENT00050,VNDR00183,
05-06-2020 00:00,TXN00000129,A00000548,PLC00001327,19-01-2013,16-05-2020,21-05-2020,Property,120.86,39000,Laura Nelson,10802 Brickside Court,,Riverview,FL,33579,195-53-6467,Y,64,97,Y,6,L,Own,HI,66343578,YMFT69349707249162,College,A,Minor Loss,None,1,1,AK,Anchorage,10,AGENT00226,VNDR00599,
05-06-2020 00:00,TXN00000130,A00006478,PLC00006625,28-04-2015,18-05-2020,23-05-2020,Life,53.86,92000,Daniel Keiss,1215 Joseph Avenue,,Nashville,TN,37207,594-71-2501,Y,35,50,Y,6,L,Own,MI,79685139,JYLL56825041085422,Bachelor,A,Major Loss,Police,0,1,TN,Nashville,18,AGENT00460,VNDR00517,
05-06-2020 00:00,TXN00000131,A00000815,PLC00001203,19-12-2013,17-05-2020,22-05-2020,Mobile,10.39,300,Everett Smudrick,5837 West Evans Drive,,Glendale,AZ,85306,268-53-6187,Y,31,106,Y,4,H,Rent,HI,74744091,TMWH37786366866270,Bachelor,A,Total Loss,None,0,1,CT,Manchester,18,AGENT01109,,
05-06-2020 00:00,TXN00000132,A00004559,PLC00002010,12-08-2011,18-05-2020,23-05-2020,Motor,91.56,5000,Jane Bell,7090 West 64th Avenue,,Arvada,CO,80003,802-40-4317,Y,30,41,Y,7,L,Rent,MI,27894736,RBUR21356434887672,PhD,A,Minor Loss,None,1,1,FL,Panama City,9,AGENT00271,,
05-06-2020 00:00,TXN00000133,A00002441,PLC00008019,11-02-2019,23-05-2020,28-05-2020,Property,140.85,13000,Orpha Mcclellan,3100 Gentilly Court,,Montgomery,AL,36116,473-75-4785,Y,41,52,Y,5,L,Own,LI,59430168,NQHW94016916222060,Bachelor,A,Total Loss,Ambulance,1,1,CO,Aspen,8,AGENT01085,VNDR00348,
05-06-2020 00:00,TXN00000134,A00005228,PLC00006756,12-08-2010,03-06-2020,03-06-2020,Travel,64.31,4000,Ida Holder,2347 Glen Eagle Drive,,Northfield,KY,40222,120-96-1655,Y,28,16,Y,7,M,Rent,LI,81546813,SREW77356838733541,Masters,A,Major Loss,Other,1,1,AL,Montevallo,8,AGENT01013,,
05-06-2020 00:00,TXN00000135,A00008944,PLC00006934,25-03-2011,26-05-2020,29-05-2020,Travel,68.83,5000,Charles Turman,831 West Center Street,#224,Fayetteville,AR,72701,385-97-7281,N,28,12,Y,3,M,Own,LI,65387687,JAPG02980919708522,Bachelor,A,Total Loss,Ambulance,0,1,VT,Colchester,22,AGENT00879,,
05-06-2020 00:00,TXN00000136,A00005880,PLC00003036,08-09-2019,24-05-2020,29-05-2020,Travel,59.33,3000,Tony Crawley,3808 South Smiley Circle,,Montgomery,AL,36108,687-65-4878,N,62,51,Y,5,H,Rent,HI,38577518,MKGC74913664568832,High School,A,Total Loss,Ambulance,0,1,FL,Panama City Beach,12,AGENT00088,VNDR00496,
05-06-2020 00:00,TXN00000137,A00002413,PLC00000244,07-08-2013,31-05-2020,01-06-2020,Motor,129.58,4000,William Baez,606 National Street,#306,Fayetteville,AR,72701,820-95-0117,Y,39,93,Y,2,L,Mortgage,MI,123569402,EXJL55479234756348,High School,A,Minor Loss,Police,1,1,VT,Thetford,5,AGENT01100,VNDR00423,
05-06-2020 00:00,TXN00000138,A00001701,PLC00008394,12-05-2011,30-05-2020,01-06-2020,Mobile,11.46,100,David Toney,81 Buck Hill Road,,Guilford,VT,5301,851-83-6355,Y,26,55,N,5,H,Own,LI,128043101,HPLB81645261988120,Bachelor,A,Minor Loss,Other,0,1,AR,Fayetteville,23,AGENT00341,VNDR00548,
05-06-2020 00:00,TXN00000139,A00000834,PLC00006142,01-12-2019,31-05-2020,01-06-2020,Mobile,6.75,200,Sophia Meier,91 Rushforde Drive,,Manchester,CT,6040,714-01-2402,Y,54,14,Y,5,L,Rent,MI,87108983,PZKP24105465471304,High School,A,Minor Loss,None,1,1,DC,Washington,4,AGENT01049,,
05-06-2020 00:00,TXN00000140,A00002597,PLC00000553,05-07-2018,31-05-2020,01-06-2020,Health,121.26,3000,Rodney Miller,2068 Happy Lane,,Crofton,MD,21114,173-81-9522,Y,39,96,Y,5,M,Rent,MI,73287164,JTWJ38538262900895,High School,A,Total Loss,Ambulance,1,1,MA,Fall River,7,AGENT00639,VNDR00375,
05-06-2020 00:00,TXN00000141,A00007505,PLC00005897,10-12-2019,16-05-2020,21-05-2020,Health,188.54,17000,Gary Frey,25721 Berryhill Road,,Anchorage,AK,99577,361-41-6956,N,31,67,Y,2,L,Mortgage,LI,59549965,KBNU55375330544312,Bachelor,A,Minor Loss,Police,1,0,GA,Savannah,10,AGENT00929,VNDR00583,
05-06-2020 00:00,TXN00000142,A00004164,PLC00001559,30-04-2012,31-05-2020,01-06-2020,Property,105.82,31000,Julius Cooks,4 Chamois Court,,Pooler,GA,31322,735-43-6166,Y,60,63,Y,3,M,Mortgage,HI,90402647,JBPO71795085222066,College,A,Major Loss,None,1,1,KY,Louisville,2,AGENT01177,VNDR00600,
05-06-2020 00:00,TXN00000143,A00005342,PLC00007717,20-02-2015,19-05-2020,24-05-2020,Mobile,7.6,100,Judy Solian,5073 West 65th Place,,Arvada,CO,80003,063-55-8460,Y,44,22,Y,3,M,Mortgage,MI,43387366,VGCP63967603909568,NA,A,Minor Loss,Ambulance,0,1,DC,Washington,18,AGENT00394,VNDR00075,
05-06-2020 00:00,TXN00000144,A00009809,PLC00005190,09-06-2017,29-05-2020,31-05-2020,Mobile,6.08,200,Alice Weigel,615 Sand Road,,Severn,MD,21144,067-92-9761,N,55,88,Y,5,L,Own,HI,53549835,ICYT27031266423484,High School,A,Major Loss,None,1,0,MD,Glen Burnie,10,AGENT00976,VNDR00313,
06-06-2020 00:00,TXN00000145,A00002956,PLC00006235,06-06-2016,02-06-2020,03-06-2020,Property,147.74,11000,Laverne Gross,115 Colemont Court,,Nashville,TN,37013,501-74-4335,Y,42,68,Y,6,L,Mortgage,MI,100983441,NTPX30771600441586,High School,A,Minor Loss,Police,0,1,GA,Pooler,0,AGENT00518,VNDR00200,
06-06-2020 00:00,TXN00000146,A00004012,PLC00009625,30-09-2019,27-05-2020,30-05-2020,Mobile,6.91,100,Albert Dixon,97 Lincoln Street,,Fitchburg,MA,1420,350-48-8969,Y,62,101,Y,3,M,Own,MI,32504477,MPOB23760686192513,Bachelor,A,Minor Loss,None,1,0,TN,Nolensville,16,AGENT01066,,
06-06-2020 00:00,TXN00000147,A00000949,PLC00006503,14-09-2017,19-05-2020,24-05-2020,Life,70.03,39000,Jeffrey James,1649 Timberridge Court,,Fayetteville,AR,72704,284-82-1028,Y,64,28,Y,7,M,Mortgage,MI,81459188,KNTB84356313260087,High School,A,Total Loss,Police,1,0,TN,Nashville,6,AGENT00648,VNDR00137,
06-06-2020 00:00,TXN00000148,A00001650,PLC00005199,15-08-2013,23-05-2020,28-05-2020,Property,129.39,29000,Kathlene Mcnamara,369 Ruth Avenue,,Mountain View,CA,94043,414-47-5092,N,43,86,Y,5,L,Own,LI,67021747,VSYT11222769137403,Bachelor,A,Minor Loss,Other,1,1,KY,Northfield,21,AGENT00137,VNDR00042,
06-06-2020 00:00,TXN00000149,A00005704,PLC00006988,24-11-2014,23-05-2020,28-05-2020,Travel,56.73,5000,Von Wolfe,233 Buckland Hills Drive,,Manchester,CT,6042,890-58-6302,N,34,59,Y,4,M,Own,LI,109994376,HDYJ85056808239801,College,A,Total Loss,Ambulance,1,0,KY,Louisville,11,AGENT00092,,
06-06-2020 00:00,TXN00000150,A00002776,PLC00004168,03-10-2016,23-05-2020,28-05-2020,Life,67.5,34000,Michael Neff,17109 Guava Avenue,,Panama City Beach,FL,32413,552-75-7032,Y,54,104,Y,3,M,Rent,MI,87355260,PFQC09905945131949,High School,A,Total Loss,Ambulance,1,1,VT,Bethel,17,AGENT00345,VNDR00430,
06-06-2020 00:00,TXN00000151,A00002079,PLC00006133,22-06-2018,21-05-2020,26-05-2020,Property,91.55,28000,Tosha Thompson,2527 Lisenby Avenue,,Panama City,FL,32405,128-23-9449,N,41,101,Y,7,M,Mortgage,HI,26852135,YYSK10826528725013,Bachelor,A,Major Loss,Police,0,1,MD,Annapolis,19,AGENT00168,VNDR00412,
06-06-2020 00:00,TXN00000152,A00005318,PLC00008962,06-10-2011,22-05-2020,27-05-2020,Health,135.82,16000,Catherine Sisco,800 West Street,,Panama City,FL,32404,705-23-3691,Y,32,9,Y,7,M,Own,LI,34202117,JPAU82001376717554,Bachelor,A,Major Loss,None,1,1,VT,Pawlet,10,AGENT00391,VNDR00292,
06-06-2020 00:00,TXN00000153,A00007732,PLC00007387,20-10-2019,18-05-2020,23-05-2020,Mobile,7.21,500,Amber Cobb,3704 Hughes Road,,Louisville,KY,40207,360-52-2531,Y,47,78,Y,5,M,Own,MI,25937239,GGQO61048398605550,High School,A,Minor Loss,Police,1,1,CO,Arvada,3,AGENT01074,VNDR00586,
06-06-2020 00:00,TXN00000154,A00004626,PLC00004508,09-05-2013,27-05-2020,30-05-2020,Mobile,6.79,300,Jon Nobles,1233 Paradise Lane,,Fayetteville,AR,72701,009-61-2453,Y,26,68,Y,2,L,Mortgage,MI,83440865,VXPN90218286526771,NA,A,Total Loss,Police,0,0,CA,Cupertino,5,AGENT00235,VNDR00404,
06-06-2020 00:00,TXN00000155,A00000211,PLC00001741,23-11-2012,05-06-2020,05-06-2020,Motor,80.73,4000,Bill Kwok,4444 Hansen Avenue,#APT 224,Fremont,CA,94536,664-86-7600,Y,49,9,Y,4,L,Mortgage,LI,106151675,QMTR98091036140214,Bachelor,A,Minor Loss,Police,0,1,MA,Arlington,16,AGENT00468,VNDR00093,
06-06-2020 00:00,TXN00000156,A00007341,PLC00009169,10-05-2012,26-05-2020,31-05-2020,Health,124.56,8000,Deanna Humiston,439 Crestmont Drive,,Oakland,CA,94619,600-55-8563,Y,27,93,Y,4,M,Rent,LI,52209969,CAYF51585495045486,PhD,A,Total Loss,Ambulance,1,1,CO,Arvada,16,AGENT00031,,
06-06-2020 00:00,TXN00000157,A00008591,PLC00005815,29-12-2018,21-05-2020,26-05-2020,Property,117.59,34000,Lance Kher,1817 Southeast 14th Street,,Moore,OK,73160,778-96-1115,Y,42,38,Y,7,L,Mortgage,MI,82632289,GYMV64765204253290,Bachelor,A,Major Loss,Police,1,1,AR,Fayetteville,8,AGENT00855,,
06-06-2020 00:00,TXN00000158,A00008052,PLC00005527,04-07-2010,04-06-2020,04-06-2020,Property,124.28,33000,Linda Thruman,6225 West Citrus Way,,Glendale,AZ,85301,258-60-2036,Y,28,91,Y,4,M,Rent,LI,104493995,AZMT75378183781512,High School,A,Total Loss,Ambulance,1,0,CT,Manchester,22,AGENT01017,VNDR00215,
06-06-2020 00:00,TXN00000159,A00008942,PLC00005088,06-03-2017,19-05-2020,24-05-2020,Property,123.41,24000,Mike Robert,228 Central Street,,Milford,MA,1757,513-40-1287,Y,35,25,Y,5,L,Mortgage,HI,44684893,DOWR47598443504138,Masters,A,Total Loss,Ambulance,0,1,FL,Inverness,20,AGENT00929,VNDR00094,
06-06-2020 00:00,TXN00000160,A00003149,PLC00005923,07-07-2013,01-06-2020,02-06-2020,Health,121.92,20000,Keith Martel,17020 West 64th Drive,,Arvada,CO,80007,562-73-6287,Y,60,29,Y,6,L,Rent,HI,58373983,XEBM72293296799002,High School,A,Total Loss,None,1,1,AL,Montgomery,9,AGENT00889,VNDR00397,
06-06-2020 00:00,TXN00000161,A00005805,PLC00007092,30-11-2011,18-05-2020,23-05-2020,Life,55.99,90000,Joe Introini,7529 Perryman Court,,,MD,21226,211-65-5029,Y,31,112,Y,6,L,Own,HI,123390037,LXRA61424566507716,Bachelor,A,Major Loss,None,1,1,MA,Dracut,22,AGENT00163,,
06-06-2020 00:00,TXN00000162,A00009530,PLC00009483,31-08-2011,18-05-2020,23-05-2020,Health,187.72,1000,Calvin Howell,3425 North Futrall Drive,,Fayetteville,AR,72703,276-56-3370,Y,54,85,Y,7,H,Own,MI,101329020,TCAF46090102086345,Bachelor,D,Minor Loss,None,1,0,MD,Severn,19,AGENT00568,,
06-06-2020 00:00,TXN00000163,A00006830,PLC00001828,08-06-2017,02-06-2020,03-06-2020,Property,146.79,32000,Lillian Decker,5514 West Wedington Drive,#3,Fayetteville,AR,72704,141-91-4404,Y,26,90,Y,6,L,Rent,MI,56986107,DWQS77617733422391,NA,A,Total Loss,Ambulance,1,1,GA,Savannah,6,AGENT00929,,
06-06-2020 00:00,TXN00000164,A00007160,PLC00002887,19-02-2013,20-05-2020,25-05-2020,Property,120.07,33000,Roxann Waters,6073 Harlan Street,,Arvada,CO,80003,030-87-7823,Y,61,68,Y,3,L,Rent,HI,42073192,JPND53132515062816,Bachelor,A,Major Loss,Ambulance,0,1,AL,Pike Road,14,AGENT00194,,
06-06-2020 00:00,TXN00000165,A00001553,PLC00007224,16-06-2013,19-05-2020,24-05-2020,Property,129.97,15000,Perry Wright,11 Adams Street,,Arlington,MA,2474,126-34-1776,N,64,20,Y,3,H,Mortgage,MI,64860723,ZBFL99333665767053,Bachelor,A,Total Loss,Police,1,1,AR,Fayetteville,13,AGENT00696,VNDR00482,
06-06-2020 00:00,TXN00000166,A00001756,PLC00004862,23-12-2015,23-05-2020,28-05-2020,Motor,110.4,1000,Florence Merritt,5701 East Shirley Lane,,Montgomery,AL,36117,799-27-1687,N,35,88,Y,5,L,Own,HI,120657401,QTWA00951514096778,Bachelor,A,Minor Loss,Ambulance,0,1,MA,Palmer,6,AGENT00427,VNDR00153,
06-06-2020 00:00,TXN00000167,A00002923,PLC00003346,25-06-2014,27-05-2020,30-05-2020,Mobile,6.76,300,Ann Knight,4408 Northwest 55th Street,,Oklahoma City,OK,73112,256-98-2851,N,62,65,Y,7,M,Own,LI,70522071,JSTG10594786692314,High School,A,Major Loss,None,1,0,MD,Severn,10,AGENT00552,,
06-06-2020 00:00,TXN00000168,A00009221,PLC00006984,07-12-2017,01-06-2020,02-06-2020,Mobile,9.49,700,Jason Marshall,165 Quincy Shore Drive,#C27,Quincy,MA,2171,154-62-9789,N,60,114,Y,4,H,Mortgage,LI,52223194,IUFQ85982733037898,NA,A,Total Loss,Other,0,0,TN,Nashville,18,AGENT00437,VNDR00456,
06-06-2020 00:00,TXN00000169,A00003698,PLC00002245,17-02-2013,31-05-2020,02-06-2020,Mobile,11.87,400,Ronald Porter,5900 Upland Road,,Brooklyn Park,MD,21225,123-13-4086,Y,49,107,Y,3,L,Mortgage,MI,48028879,HCMR99492895986643,Bachelor,A,Total Loss,None,0,1,KY,Saint Matthews,18,AGENT00299,VNDR00077,
06-06-2020 00:00,TXN00000170,A00000190,PLC00005198,30-12-2013,26-05-2020,31-05-2020,Property,109.65,17000,Gregory Drees,240 54th Avenue North,,Nashville,TN,37209,720-32-2793,Y,31,112,Y,2,L,Rent,LI,114438542,UBWM33386318490177,High School,A,Minor Loss,None,1,1,AZ,Glendale,22,AGENT00038,,
06-06-2020 00:00,TXN00000171,A00002764,PLC00001151,13-05-2019,03-06-2020,03-06-2020,Health,164.79,8000,Tony Hunter,127 Andover Drive,,Savannah,GA,31405,735-22-1634,Y,36,100,Y,5,M,Mortgage,MI,29894365,WDEE57746224784089,Masters,A,Minor Loss,Police,1,0,AL,Montgomery,13,AGENT00781,,
06-06-2020 00:00,TXN00000172,A00009590,PLC00008527,29-11-2019,17-05-2020,22-05-2020,Property,133.52,13000,Edward Ruvalcaba,421 Madison Street Northeast,,Washington,DC,20011,120-42-7269,Y,62,52,Y,3,M,Mortgage,MI,32122325,BPAI85275179628242,Bachelor,A,Major Loss,None,0,1,TN,Nashville,1,AGENT01020,,
06-06-2020 00:00,TXN00000173,A00006417,PLC00002727,27-07-2010,28-05-2020,31-05-2020,Mobile,9.69,300,Lloyd Roberts,88 Pine Valley Road,,Savannah,GA,31404,203-25-9798,Y,40,36,Y,4,L,Rent,HI,77713595,WZCD97567440432249,Bachelor,A,Minor Loss,Ambulance,1,1,CO,Boulder,0,AGENT00297,,
06-06-2020 00:00,TXN00000174,A00001503,PLC00002689,25-01-2012,05-06-2020,05-06-2020,Mobile,11.11,100,Warren Frink,301 Southeast 37th Street,,Oklahoma City,OK,73129,760-35-1669,Y,51,22,Y,2,L,Rent,LI,85923160,SGJP73721568813626,Masters,A,Minor Loss,Ambulance,0,1,FL,Panama City,18,AGENT00933,VNDR00310,
06-06-2020 00:00,TXN00000175,A00003922,PLC00003892,01-04-2012,21-05-2020,26-05-2020,Life,89.74,99000,Robert Lawrence,8 Corona Street,,,VT,5733,208-41-7115,Y,50,67,Y,7,M,Mortgage,MI,41267857,UDVT07755500131098,Bachelor,A,Total Loss,Ambulance,1,1,MD,Severn,2,AGENT00646,,
06-06-2020 00:00,TXN00000176,A00006105,PLC00002434,13-08-2013,30-05-2020,01-06-2020,Travel,79.9,5000,Cheryl Denny,301 Willow Way,,Lynn Haven,FL,32444,157-78-0386,Y,30,93,Y,6,L,Mortgage,LI,67452853,EKDD68971164274054,Bachelor,A,Minor Loss,Other,0,1,KY,Louisville,15,AGENT00388,VNDR00060,
06-06-2020 00:00,TXN00000177,A00003613,PLC00007162,08-01-2013,03-06-2020,03-06-2020,Health,140.37,5000,Walter Thibodeaux,5529 East Saddleridge Drive,,Fayetteville,AR,72703,066-80-1161,N,52,87,Y,4,H,Own,MI,16866571,UROP89090452769409,College,A,Minor Loss,Police,1,0,CO,Arvada,3,AGENT00905,,
07-06-2020 00:00,TXN00000178,A00002426,PLC00002044,15-04-2019,26-05-2020,31-05-2020,Travel,79.18,2000,Patricia Benjamin,637 Britannia Drive,,Vallejo,CA,94591,142-81-6069,Y,44,94,Y,4,M,Mortgage,HI,101883265,ARZZ15461588851342,High School,A,Major Loss,Ambulance,1,1,AZ,Glendale,7,AGENT00730,VNDR00076,
07-06-2020 00:00,TXN00000179,A00006998,PLC00000273,22-09-2013,06-06-2020,06-06-2020,Travel,85.43,4000,Robert Mcneil,536 Walters Farm Road,,East Haven,VT,5837,623-20-3385,N,58,75,Y,5,H,Own,HI,30134661,KALS17434660899506,Bachelor,A,Total Loss,Other,1,0,TN,Nashville,10,AGENT00588,VNDR00555,
07-06-2020 00:00,TXN00000180,A00000105,PLC00007991,26-01-2019,05-06-2020,05-06-2020,Motor,112.42,4000,James Sicard,1211 Castine Court,,Pasadena,MD,21122,774-17-6873,Y,33,14,Y,4,M,Rent,LI,94452606,OCPZ86249073271063,NA,A,Total Loss,None,0,1,FL,Panama City,1,AGENT00523,VNDR00251,
07-06-2020 00:00,TXN00000181,A00001637,PLC00001525,19-08-2015,26-05-2020,31-05-2020,Mobile,10.57,300,Elizabeth Rodriguez,594 Putnam Avenue,#2,Cambridge,MA,2139,895-62-9386,Y,45,76,N,2,M,Own,LI,56163645,BHZL23642821717503,Bachelor,D,Total Loss,Other,1,1,AZ,Glendale,6,AGENT01176,,
07-06-2020 00:00,TXN00000182,A00009848,PLC00002656,23-12-2019,03-06-2020,04-06-2020,Mobile,6.37,300,Mary Lopez,23 Columbia Drive,,Manchester,CT,6042,873-99-5597,Y,60,15,N,2,H,Mortgage,HI,60909798,QGOL60949020516985,NA,A,Total Loss,Ambulance,0,0,DC,Washington,16,AGENT00294,VNDR00109,
07-06-2020 00:00,TXN00000183,A00009288,PLC00000917,31-08-2016,29-05-2020,01-06-2020,Life,61.5,38000,Lexie Kirley,314 Mesa Street,,Wheatland,CA,95692,114-67-4112,Y,27,114,Y,4,M,Mortgage,MI,70681941,OORZ45208571469155,High School,A,Total Loss,Other,1,1,TN,Nashville,12,AGENT01106,VNDR00156,
07-06-2020 00:00,TXN00000184,A00000247,PLC00002074,30-10-2015,05-06-2020,05-06-2020,Mobile,10.6,400,Robert Gonzalez,7809 Highway 2302,,Panama City,FL,32409,535-46-6268,Y,27,79,Y,4,L,Rent,LI,96683619,FMJH59701613325567,College,A,Minor Loss,Ambulance,1,1,VT,,22,AGENT00757,VNDR00470,
07-06-2020 00:00,TXN00000185,A00002397,PLC00002699,08-09-2015,31-05-2020,02-06-2020,Health,183.13,12000,Mark Jones,10819 Bluegrass Parkway,,Jeffersontown,KY,40299,580-84-3030,N,60,43,Y,6,L,Mortgage,MI,96070361,TMUY79955993227304,Bachelor,A,Total Loss,Ambulance,0,0,MA,Scituate,20,AGENT00543,VNDR00429,
07-06-2020 00:00,TXN00000186,A00007490,PLC00004993,02-06-2016,25-05-2020,30-05-2020,Property,111.63,17000,Angelo Belcher,8262 Elvaton Road,,Millersville,MD,21108,399-03-0918,Y,60,52,Y,3,M,Rent,MI,107176099,RYQQ37893592702175,Bachelor,A,Major Loss,Ambulance,0,1,KY,Louisville,6,AGENT00771,VNDR00211,
07-06-2020 00:00,TXN00000187,A00003706,PLC00009388,13-05-2014,19-05-2020,24-05-2020,Property,115.92,15000,Jerry Flesher,8446 Coors Loop,,Arvada,CO,80005,119-98-6914,N,52,28,Y,6,L,Mortgage,HI,83817553,HGJC44778620162790,Bachelor,D,Total Loss,Ambulance,1,0,KY,Louisville,21,AGENT00266,VNDR00019,
07-06-2020 00:00,TXN00000188,A00004550,PLC00009703,11-12-2016,20-05-2020,25-05-2020,Property,98.83,10000,Christine Berryman,3373 Runnymede Place Northwest,,Washington,DC,20015,194-88-3805,N,31,10,Y,4,L,Mortgage,HI,78219603,MJJL94738740902855,Bachelor,A,Total Loss,Ambulance,1,1,FL,Panama City,5,AGENT01078,,
07-06-2020 00:00,TXN00000189,A00003203,PLC00005113,08-08-2019,06-06-2020,06-06-2020,Mobile,10.52,700,Benjamin Peterson,3 Hawser Way,,Port Wentworth,GA,31407,412-53-9544,Y,55,19,Y,3,L,Own,MI,96566383,LNIP81536207706396,College,A,Major Loss,Ambulance,1,0,MA,New Bedford,15,AGENT01097,VNDR00407,
07-06-2020 00:00,TXN00000190,A00009674,PLC00008261,11-01-2020,03-06-2020,04-06-2020,Property,149.71,30000,Jeanette Craig,220 Avenue B,,Williston,VT,5495,784-77-6388,Y,47,84,Y,4,M,Mortgage,MI,11615879,OEHX74664782316670,Bachelor,A,Total Loss,Other,0,0,CO,Arvada,7,AGENT00290,VNDR00382,
07-06-2020 00:00,TXN00000191,A00003347,PLC00003037,17-11-2013,26-05-2020,31-05-2020,Mobile,7.79,500,Megan Finney,10723 Colonial Woods Court,,Louisville,KY,40223,182-06-0638,Y,33,43,Y,6,L,Rent,LI,124900015,GJSP08949975305650,MD,A,Total Loss,Police,1,1,CA,Hayward,14,AGENT00550,VNDR00350,
07-06-2020 00:00,TXN00000192,A00006280,PLC00008187,16-04-2013,01-06-2020,03-06-2020,Property,141.85,29000,Michelle Taylor,10826 Pointe Royal Drive,,Bakersfield,CA,93311,126-46-8619,Y,43,89,Y,3,L,Rent,MI,112863436,GWFD16589187198689,High School,A,Minor Loss,Ambulance,1,1,VT,Bethel,16,AGENT00383,,
07-06-2020 00:00,TXN00000193,A00009398,PLC00006530,10-07-2010,02-06-2020,03-06-2020,Travel,96.15,5000,James Pollitt,10 South Main Street,,Fair Haven,VT,5743,336-49-4868,N,32,110,Y,4,L,Mortgage,MI,18877908,JHCK46539170844034,NA,A,Total Loss,Police,1,1,CO,Arvada,23,AGENT00385,,
07-06-2020 00:00,TXN00000194,A00009338,PLC00002851,11-09-2011,04-06-2020,04-06-2020,Property,94.3,15000,Raymond Kiffer,309 Glenwood Avenue,,Glen Burnie,MD,21061,805-86-9749,Y,47,84,Y,7,M,Rent,LI,54157983,BZKU97737701792820,Bachelor,A,Minor Loss,Ambulance,1,1,AL,Montgomery,20,AGENT00877,,
07-06-2020 00:00,TXN00000195,A00007501,PLC00006144,27-09-2014,23-05-2020,28-05-2020,Travel,53.44,4000,Roger Lambert,10654 North 60th Avenue,#2019,Glendale,AZ,85304,735-65-1909,Y,61,11,Y,5,M,Rent,MI,105198095,GRIZ81414669313772,Bachelor,A,Major Loss,None,1,1,DC,Washington,20,AGENT00922,VNDR00278,
07-06-2020 00:00,TXN00000196,A00007905,PLC00003594,15-10-2011,29-05-2020,01-06-2020,Property,135.07,32000,Jessica Dawkins,1122 McDaniel Street,,Sun City Center,FL,33573,267-72-3448,N,29,108,Y,6,H,Own,MI,76200339,GPXB20128097688735,High School,A,Total Loss,Ambulance,1,1,CA,San Lorenzo,5,AGENT00176,VNDR00275,
07-06-2020 00:00,TXN00000197,A00008439,PLC00008346,01-10-2012,05-06-2020,05-06-2020,Health,145.92,11000,Mary Bentz,12 Fletcher Lane,,Shelburne,VT,5482,473-39-8600,Y,60,41,Y,4,M,Rent,HI,53877400,HEDB45849625461825,Bachelor,A,Total Loss,Ambulance,0,1,AL,Montgomery,6,AGENT00739,VNDR00279,
07-06-2020 00:00,TXN00000198,A00007899,PLC00009038,01-09-2012,30-05-2020,02-06-2020,Health,148.66,16000,Susan Ridgeway,15510 Champion Lakes Place,,Louisville,KY,40245,329-24-9833,Y,61,11,Y,7,L,Rent,LI,78025622,QAGV22303050448390,Bachelor,A,Minor Loss,Police,1,1,MA,Springfield,2,AGENT01194,,
07-06-2020 00:00,TXN00000199,A00006248,PLC00000068,26-07-2016,18-05-2020,23-05-2020,Property,130.11,13000,James House,7105 Tanager Avenue,,Glen Burnie,MD,21060,376-98-2501,Y,56,20,Y,3,H,Rent,MI,94654268,JXTM27451303028599,High School,A,Major Loss,Ambulance,0,1,AK,Anchorage,11,AGENT00613,,
07-06-2020 00:00,TXN00000200,A00000192,PLC00009775,12-10-2012,28-05-2020,31-05-2020,Mobile,9.68,400,Mac Offerdahl,5856 Parfet Court,,Arvada,CO,80004,767-88-4858,Y,57,91,Y,5,H,Rent,HI,47190180,BMIC37999174298418,High School,A,Total Loss,Police,1,0,FL,Panama City,6,AGENT00704,VNDR00083,
07-06-2020 00:00,TXN00000201,A00002575,PLC00001002,19-01-2012,27-05-2020,01-06-2020,Travel,87.89,2000,Brenda Eddins,11933 West 71st Avenue,,Arvada,CO,80004,303-13-3911,Y,51,118,Y,5,M,Mortgage,MI,34950155,ZTCH68337215369912,Masters,A,Total Loss,Police,1,0,GA,Savannah,18,AGENT01072,,
07-06-2020 00:00,TXN00000202,A00004102,PLC00006571,18-02-2017,22-05-2020,27-05-2020,Travel,57.47,1000,Annie Stumpf,21 Glenoak Lane Northwest,B,Glen Burnie,MD,21061,147-24-7613,N,62,117,Y,2,H,Own,MI,27270318,KJCM52940801441831,Bachelor,A,Minor Loss,Ambulance,1,1,TN,Nashville,4,AGENT00086,VNDR00305,
07-06-2020 00:00,TXN00000203,A00007873,PLC00007886,05-02-2015,27-05-2020,01-06-2020,Life,69.5,35000,Susan Lewis,39247 Sundale Drive,,Fremont,CA,94538,502-30-3188,Y,40,97,Y,4,H,Mortgage,LI,62065452,VZBL34881193650007,PhD,A,Total Loss,Other,1,0,AL,Montgomery,17,AGENT00296,VNDR00083,
07-06-2020 00:00,TXN00000204,A00004611,PLC00009788,10-08-2014,02-06-2020,03-06-2020,Life,83.46,99000,Daniel Conklin,1820 Scenic Avenue,,Berkeley,CA,94709,671-23-0970,Y,38,24,Y,4,M,Rent,HI,119133017,DBSY20911429375302,Bachelor,A,Major Loss,Ambulance,1,1,CA,Fremont,12,AGENT00837,VNDR00594,
07-06-2020 00:00,TXN00000205,A00006492,PLC00000413,01-04-2018,28-05-2020,31-05-2020,Mobile,7.92,400,Joseph Dinkel,903 East 20th Avenue,,Anchorage,AK,99501,318-12-8186,Y,27,22,Y,2,L,Rent,HI,83905274,TVMA72145071612676,MD,A,Minor Loss,Police,1,0,TN,Nashville,20,AGENT00788,VNDR00540,
07-06-2020 00:00,TXN00000206,A00003531,PLC00008666,26-05-2014,01-06-2020,03-06-2020,Motor,71.18,7000,Elizabeth Perry,2849 Leawood Drive,,Anchorage,AK,99502,727-37-5292,Y,27,21,N,2,L,Own,LI,25831681,GLPE85946334646106,NA,A,Minor Loss,Other,1,0,MA,Brookline,6,AGENT01015,VNDR00365,
07-06-2020 00:00,TXN00000207,A00000149,PLC00007673,24-08-2013,06-06-2020,06-06-2020,Health,181.29,6000,Gail Mauldin,165 Saint John Street,,Manchester,CT,6040,753-43-6681,N,63,59,Y,2,H,Mortgage,MI,82929086,NQPE33737115459661,Bachelor,A,Major Loss,None,1,1,CA,Livermore,4,AGENT00319,,
08-06-2020 00:00,TXN00000208,A00005638,PLC00001314,02-09-2016,31-05-2020,03-06-2020,Travel,91.27,2000,Betty Bowman,450 C Street,,Hayward,CA,94541,458-45-0092,Y,56,86,Y,3,M,Mortgage,LI,113497296,UOVE72079228022991,College,A,Major Loss,None,1,1,FL,Mexico Beach,20,AGENT00688,VNDR00003,
08-06-2020 00:00,TXN00000209,A00006076,PLC00005951,09-06-2014,30-05-2020,02-06-2020,Travel,82.11,2000,Joseph Armstrong,21007 North 53rd Avenue,,Glendale,AZ,85308,242-41-6082,Y,53,111,Y,3,L,Rent,MI,62356938,OQYB67953374313651,High School,A,Major Loss,None,1,1,GA,Savannah,17,AGENT00907,VNDR00269,
08-06-2020 00:00,TXN00000210,A00009990,PLC00006419,09-03-2013,07-06-2020,07-06-2020,Motor,78.65,3000,Richard Herrera,1643 Oxford Street,R C,Berkeley,CA,94709,794-89-2970,N,41,14,Y,2,M,Rent,LI,61981854,IDWZ95197967931817,Bachelor,A,Total Loss,Other,1,0,CA,Yucaipa,10,AGENT00226,,
08-06-2020 00:00,TXN00000211,A00002513,PLC00008115,16-05-2016,06-06-2020,06-06-2020,Travel,65.44,4000,Garry Rushing,3652 East Blue Stone Drive,,Fayetteville,AR,72764,523-60-7351,Y,41,100,Y,6,L,Rent,HI,20201559,OAZB59049309972000,Bachelor,A,Total Loss,Ambulance,1,1,MA,Brookline,7,AGENT00274,,
08-06-2020 00:00,TXN00000212,A00009734,PLC00002346,27-06-2012,30-05-2020,02-06-2020,Life,80.75,16000,Eric Hutchinson,6140 Fenton Street,,Arvada,CO,80003,818-79-1412,Y,35,80,Y,6,L,Rent,HI,89920703,YABE29942078013619,Masters,A,Minor Loss,Ambulance,0,1,AZ,Peoria,4,AGENT00244,,
08-06-2020 00:00,TXN00000213,A00005658,PLC00005739,09-06-2015,26-05-2020,31-05-2020,Motor,95.58,5000,Stuart Menist,505 North Washington Avenue,,Fayetteville,AR,72701,208-44-3944,Y,59,77,Y,4,M,Mortgage,HI,28909769,GTDS26333408418004,MD,A,Major Loss,None,0,0,GA,Savannah,11,AGENT00227,VNDR00461,
08-06-2020 00:00,TXN00000214,A00006794,PLC00000087,07-11-2012,21-05-2020,26-05-2020,Travel,88.24,4000,Gloria Knutson,3 Furman Place,,Swanton,VT,5488,184-58-0190,Y,62,13,Y,3,H,Rent,LI,120562062,IKYN90096946416640,High School,A,Total Loss,Ambulance,1,1,KY,Louisville,23,AGENT00921,,
08-06-2020 00:00,TXN00000215,A00001870,PLC00005359,23-05-2011,21-05-2020,26-05-2020,Property,106.79,17000,Rhonda Diemer,926 Mill Court,,Savannah,GA,31419,387-46-2909,Y,53,56,Y,5,L,Rent,MI,122422265,TTQU93525834774646,MD,D,Major Loss,Police,0,0,CA,Oakland,14,AGENT00711,,
08-06-2020 00:00,TXN00000216,A00009682,PLC00004505,13-11-2014,26-05-2020,31-05-2020,Property,97.11,12000,Linda Hearn,578 Vermont 30,,Newfane,VT,5345,644-94-7805,Y,30,90,Y,6,H,Own,MI,113040135,PGFT68188097312310,High School,A,Minor Loss,Other,1,0,FL,Panama City,18,AGENT00426,,
08-06-2020 00:00,TXN00000217,A00009547,PLC00001191,09-08-2019,29-05-2020,01-06-2020,Property,151.43,13000,Mae Lowery,733 Georgetown Drive,,Nashville,TN,37205,283-49-8769,N,42,72,Y,4,M,Rent,HI,51169880,VDMS72845826610873,Bachelor,A,Total Loss,Ambulance,1,1,CA,Oakland,5,AGENT00557,,
08-06-2020 00:00,TXN00000218,A00004091,PLC00008492,01-07-2010,05-06-2020,05-06-2020,Life,74.48,11000,Chester Barnard,7024 Johnny Mercer Boulevard,,Savannah,GA,31410,434-60-1350,Y,25,16,Y,5,H,Rent,LI,11829636,RNKV16004687398667,High School,D,Total Loss,None,1,1,MA,Holyoke,5,AGENT00475,VNDR00192,
08-06-2020 00:00,TXN00000219,A00004782,PLC00005251,16-04-2014,06-06-2020,06-06-2020,Property,116.93,15000,Chris Hosley,210 Depot Street,,Woodford,VT,5201,408-80-3430,Y,58,104,Y,5,H,Mortgage,HI,90373035,MVBR04888998312354,College,A,Minor Loss,Ambulance,1,1,CT,Manchester,15,AGENT00969,VNDR00247,
08-06-2020 00:00,TXN00000220,A00005061,PLC00009885,30-07-2011,28-05-2020,02-06-2020,Life,60.07,45000,John Ho,5036 Jericho Street,,Hartford,VT,5001,066-41-5459,Y,47,53,Y,3,M,Mortgage,HI,32133932,ADLO64542380804672,High School,D,Major Loss,Ambulance,1,0,MA,Melrose,20,AGENT00093,VNDR00447,
08-06-2020 00:00,TXN00000221,A00000704,PLC00002509,05-03-2013,20-05-2020,25-05-2020,Health,190.93,1000,Peter Jones,125 Summer Street,,Manchester,CT,6040,051-53-1038,Y,46,12,Y,7,L,Own,MI,25577152,RVZF34897936886560,Bachelor,A,Major Loss,Other,1,0,VT,Randolph,2,AGENT00162,VNDR00395,
08-06-2020 00:00,TXN00000222,A00007999,PLC00007264,08-01-2011,20-05-2020,25-05-2020,Property,111.07,19000,Ronald Stcharles,2200 East Victory Drive,#36,Savannah,GA,31404,064-16-6516,Y,50,115,Y,3,H,Rent,MI,92687525,TVXA46981182578434,Bachelor,A,Minor Loss,Other,0,1,DC,Washington,16,AGENT00322,VNDR00417,
08-06-2020 00:00,TXN00000223,A00009037,PLC00001490,09-08-2011,24-05-2020,29-05-2020,Health,119.13,13000,Buddy Hinkle,653 Vermont 12,,Hartland,VT,5048,002-26-6560,Y,50,84,Y,7,M,Own,MI,68143381,LIFV50323629362199,Masters,A,Major Loss,None,1,0,MD,Crownsville,10,AGENT00601,,
08-06-2020 00:00,TXN00000224,A00004253,PLC00000968,08-09-2019,06-06-2020,06-06-2020,Travel,76.13,3000,Celestine Woods,7802 North Alsup Road,,Litchfield Park,AZ,85340,285-93-3039,Y,29,73,Y,4,L,Mortgage,MI,13521291,XMJV78102529769703,High School,A,Minor Loss,None,1,1,AZ,Glendale,15,AGENT00709,,
08-06-2020 00:00,TXN00000225,A00007386,PLC00009204,20-09-2019,27-05-2020,01-06-2020,Mobile,8.51,500,Jennifer Zimmerman,111 20th Street,,Mexico Beach,FL,32456,125-59-8446,Y,32,46,Y,4,H,Own,LI,82589219,NXOC97898669843423,Bachelor,A,Minor Loss,None,1,1,DC,Washington,2,AGENT00917,,
09-06-2020 00:00,TXN00000226,A00003800,PLC00009464,14-03-2014,24-05-2020,29-05-2020,Health,118.33,7000,Thomas Hickson,1261 Steamboat Drive,#3,Fayetteville,AR,72704,593-56-3766,Y,50,73,Y,4,H,Own,MI,55229467,EGPN11128071675298,High School,A,Major Loss,None,1,1,CT,Manchester,3,AGENT00395,VNDR00168,
09-06-2020 00:00,TXN00000227,A00008730,PLC00001068,09-02-2017,23-05-2020,28-05-2020,Property,137.68,15000,Mildred Stone,535 Saddlewood Lane,,Montgomery,AL,36109,704-84-4028,Y,41,49,Y,6,M,Own,MI,117314391,CZMN43170080346002,Masters,A,Total Loss,None,0,1,MA,Webster,1,AGENT00739,VNDR00132,
09-06-2020 00:00,TXN00000228,A00006834,PLC00006904,18-09-2018,31-05-2020,03-06-2020,Life,98.28,49000,Bryan Barbour,5302 1st Street Northwest,,Washington,DC,20011,475-19-0005,Y,62,108,N,3,M,Rent,LI,60872016,GPRJ27540299647298,High School,D,Total Loss,Ambulance,1,1,CA,Ione,15,AGENT00242,VNDR00083,
09-06-2020 00:00,TXN00000229,A00003354,PLC00003394,01-07-2018,24-05-2020,29-05-2020,Property,111.12,34000,Andree Williams,2068 Happy Lane,,Crofton,MD,21114,131-44-8658,Y,43,91,Y,6,L,Mortgage,MI,99311755,LDTU92645157007043,College,A,Major Loss,Ambulance,1,1,AZ,Glendale,6,AGENT00129,VNDR00216,
09-06-2020 00:00,TXN00000230,A00009382,PLC00008203,04-02-2019,24-05-2020,29-05-2020,Motor,92.14,1000,Anita Granado,809 Blue Ridge Drive,,Edmond,OK,73003,704-55-9141,Y,32,22,Y,6,M,Mortgage,LI,76807431,FXUZ80480500349518,MD,A,Major Loss,Other,1,1,FL,Panama City,7,AGENT00063,VNDR00153,
09-06-2020 00:00,TXN00000231,A00003257,PLC00006188,05-05-2015,30-05-2020,02-06-2020,Travel,53.47,5000,Marie Collins,190 Church Street,,Burlington,VT,5401,635-58-5527,Y,31,99,Y,3,H,Own,MI,26117058,UBYI82789037262632,High School,D,Minor Loss,Ambulance,0,1,CA,Oakland,16,AGENT00497,VNDR00535,
09-06-2020 00:00,TXN00000232,A00000848,PLC00001622,26-06-2018,07-06-2020,07-06-2020,Property,133.58,30000,Hazel Ferris,1254 Muldoon Road,,Anchorage,AK,99504,635-44-0547,N,50,23,Y,2,L,Mortgage,MI,56584305,RNGP90956091813307,PhD,A,Total Loss,Ambulance,1,1,TN,Nashville,15,AGENT00459,VNDR00075,
09-06-2020 00:00,TXN00000233,A00008547,PLC00007452,14-12-2011,02-06-2020,04-06-2020,Health,129.55,5000,Randi Dinsmoor,2316 Northwest 113th Street,,Oklahoma City,OK,73120,563-41-0141,N,45,51,Y,4,M,Rent,HI,120090424,KLNQ44323456771787,MD,A,Total Loss,Ambulance,1,1,CO,Greeley,8,AGENT00980,VNDR00313,
09-06-2020 00:00,TXN00000234,A00001399,PLC00006739,05-06-2017,21-05-2020,26-05-2020,Motor,136.01,5000,Darrel Ralph,25 Cliffside Drive,D,Manchester,CT,6042,176-06-3040,N,37,88,Y,6,L,Mortgage,MI,84144157,YAKC79891420748498,PhD,A,Major Loss,Other,0,1,VT,Hartford,15,AGENT00322,VNDR00430,
09-06-2020 00:00,TXN00000235,A00007605,PLC00008431,22-04-2011,24-05-2020,29-05-2020,Health,149.02,2000,Walter Daughtry,17433 Teklanika Drive,,Anchorage,AK,99577,711-81-1226,N,36,109,Y,2,H,Mortgage,MI,81450857,BSRL46269462933100,Masters,A,Major Loss,Ambulance,0,1,CO,Arvada,19,AGENT00660,,
09-06-2020 00:00,TXN00000236,A00007591,PLC00000219,16-09-2019,05-06-2020,06-06-2020,Property,120.41,10000,Robert Sim,3104 Southwest 46th Street,,Oklahoma City,OK,73119,105-40-1133,Y,60,40,Y,7,H,Mortgage,LI,126093056,ELWU59664049722913,High School,A,Major Loss,Ambulance,0,1,CA,Newark,1,AGENT00218,,
09-06-2020 00:00,TXN00000237,A00000787,PLC00003712,14-01-2013,29-05-2020,03-06-2020,Mobile,7.03,700,Kevin Haggerty,1838 North Scull Creek Drive,,Fayetteville,AR,72703,212-87-2905,N,28,105,Y,4,M,Mortgage,MI,108984947,GMVB64433785612746,High School,A,Total Loss,Ambulance,1,0,VT,Montpelier,11,AGENT00636,VNDR00543,
09-06-2020 00:00,TXN00000238,A00000912,PLC00002832,26-11-2019,24-05-2020,29-05-2020,Property,127.6,28000,Thomas Lelacheur,11160 Vosikof Place,,Anchorage,AK,99507,320-83-4541,Y,46,111,Y,5,L,Own,MI,115799976,EZER24237946694898,High School,A,Total Loss,Other,0,1,FL,Panama City,7,AGENT01001,VNDR00316,
09-06-2020 00:00,TXN00000239,A00007889,PLC00003833,26-06-2014,29-05-2020,03-06-2020,Property,80.98,30000,Alisha Peterson,9903 West 53rd Place,,Arvada,CO,80002,338-05-3092,N,61,109,Y,5,L,Mortgage,MI,103791944,PWBD40489024760463,Bachelor,A,Minor Loss,Ambulance,1,1,MA,Medford,20,AGENT00312,VNDR00591,
09-06-2020 00:00,TXN00000240,A00005063,PLC00009179,11-08-2014,04-06-2020,05-06-2020,Life,73.52,55000,Julie Moore,22207 Quinterno Court,,Cupertino,CA,95014,139-33-8920,Y,36,25,Y,5,M,Rent,MI,110134837,AFGS52776940033245,College,A,Total Loss,None,1,1,CT,Manchester,16,AGENT00806,,
09-06-2020 00:00,TXN00000241,A00009842,PLC00006757,06-10-2015,26-05-2020,31-05-2020,Travel,57.72,5000,Jason Cearns,10124 Watsonville Road,,Louisville,KY,40272,562-52-6620,N,43,35,N,5,M,Mortgage,MI,52552108,XELK57628248434531,MD,A,Major Loss,Ambulance,0,1,VT,Bethel,17,AGENT00613,VNDR00243,
09-06-2020 00:00,TXN00000242,A00001073,PLC00005825,17-06-2017,22-05-2020,27-05-2020,Mobile,10.61,700,Jeffrey Arnold,10332 Thuja Circle,,Anchorage,AK,99507,425-56-8195,Y,28,92,Y,6,L,Mortgage,HI,97428132,LHPQ05047779813952,Bachelor,A,Total Loss,Ambulance,1,1,CT,Manchester,7,AGENT01011,,
09-06-2020 00:00,TXN00000243,A00005542,PLC00005490,15-11-2013,21-05-2020,26-05-2020,Life,74.66,63000,Sarah Clermont,22 South Duncan Avenue,#420,Fayetteville,AR,72701,094-75-4125,Y,37,79,Y,6,M,Rent,LI,128137279,CSHI33755575822722,College,A,Total Loss,Other,1,1,AR,Fayetteville,8,AGENT00807,VNDR00458,
09-06-2020 00:00,TXN00000244,A00007877,PLC00008085,25-01-2012,26-05-2020,31-05-2020,Travel,77.35,1000,John Knapp,4016 Doane Street,,Fremont,CA,94538,093-37-7984,Y,53,46,Y,2,M,Mortgage,LI,65377503,WLKS36972516279631,Bachelor,A,Major Loss,Ambulance,1,1,MA,Fall River,0,AGENT00018,VNDR00540,
09-06-2020 00:00,TXN00000245,A00006667,PLC00006088,18-12-2016,20-05-2020,25-05-2020,Property,130.65,39000,Robert Valasquez,10927 West 59th Avenue,,Arvada,CO,80004,125-44-0746,Y,63,83,Y,5,M,Mortgage,LI,56694965,VTPB50006233282899,Bachelor,A,Total Loss,Police,0,1,AR,Fayetteville,13,AGENT01086,,
09-06-2020 00:00,TXN00000246,A00009896,PLC00000893,03-03-2015,08-06-2020,08-06-2020,Mobile,10.2,400,Viviana Cole,4513 Beth Manor Drive,,Montgomery,AL,36109,823-63-6516,Y,55,79,Y,4,M,Mortgage,MI,17307958,OGCZ57044392151471,Masters,A,Total Loss,None,1,0,KY,Louisville,8,AGENT00295,,
09-06-2020 00:00,TXN00000247,A00004413,PLC00009585,18-01-2020,20-05-2020,25-05-2020,Motor,123.3,1000,Latonya Combs,38252 Farwell Drive,,Fremont,CA,94536,843-60-1813,N,54,31,Y,7,L,Rent,LI,86493165,HTBW53744271733154,Bachelor,A,Total Loss,Ambulance,0,1,CA,Hanford,7,AGENT00864,,
10-06-2020 00:00,TXN00000248,A00004506,PLC00009512,26-05-2012,03-06-2020,05-06-2020,Motor,90.32,5000,Dale Miller,3300 Crystal Road,,Montgomery,AL,36110,372-74-7515,Y,26,106,Y,6,M,Mortgage,HI,66215240,ABGG86475515589450,Bachelor,A,Total Loss,Other,1,1,FL,Panama City,0,AGENT00974,VNDR00204,
10-06-2020 00:00,TXN00000249,A00004564,PLC00008175,27-01-2020,05-06-2020,06-06-2020,Mobile,10.18,200,Delma Mallett,2063 Notchbrook Road,,Stowe,VT,5672,180-98-5958,Y,62,107,Y,3,M,Rent,MI,97334530,GXNL73816580780245,High School,A,Major Loss,Ambulance,1,1,VT,Poultney,19,AGENT00464,,
10-06-2020 00:00,TXN00000250,A00005816,PLC00005168,12-08-2018,30-05-2020,04-06-2020,Health,190.93,4000,Jennifer Macdonald,152 Teddy Drive,,Union City,CA,94587,776-68-6774,Y,45,8,Y,7,H,Mortgage,HI,10440016,GUCT24555967299339,Bachelor,A,Major Loss,Ambulance,1,1,CT,Manchester,14,AGENT00367,VNDR00529,
10-06-2020 00:00,TXN00000251,A00008005,PLC00002319,29-08-2018,06-06-2020,07-06-2020,Mobile,11.64,100,Joan Potts,100 Lake Forest Drive,,Montgomery,AL,36117,734-68-6068,Y,59,103,Y,3,M,Mortgage,LI,91133465,JEDO27712112453076,Bachelor,A,Major Loss,Police,0,1,OK,Midwest City,6,AGENT00979,VNDR00086,
10-06-2020 00:00,TXN00000252,A00004325,PLC00002914,08-02-2014,08-06-2020,08-06-2020,Motor,74.82,6000,Alice Vigue,82 East Foster Street,#2,Melrose,MA,2176,326-24-7077,N,35,50,Y,5,M,Mortgage,MI,11265313,LOIW13712161993216,Bachelor,D,Minor Loss,None,0,1,AK,Anchorage,2,AGENT00412,VNDR00517,
10-06-2020 00:00,TXN00000253,A00007699,PLC00003526,18-12-2017,03-06-2020,05-06-2020,Travel,98.9,3000,Steve Smith,190 Church Street,,Burlington,VT,5401,254-48-6560,N,28,50,Y,6,L,Rent,LI,24205933,INHK47197588233248,Bachelor,A,Total Loss,Ambulance,1,1,MA,Gardner,6,AGENT00121,,
10-06-2020 00:00,TXN00000254,A00004524,PLC00006537,28-09-2018,28-05-2020,02-06-2020,Motor,70.94,4000,Rogelio Joseph,1930 Churchview Court,,Millersville,MD,21108,526-03-0695,Y,50,95,Y,4,M,Rent,LI,18487495,FAMR97689140810133,PhD,A,Total Loss,Ambulance,0,1,CA,San Leandro,10,AGENT00428,VNDR00188,
10-06-2020 00:00,TXN00000255,A00006293,PLC00003619,02-02-2019,02-06-2020,05-06-2020,Motor,106.17,2000,Joseph White,1309 Columbia Road Northwest,,Washington,DC,20009,895-70-6316,Y,29,30,Y,5,M,Rent,LI,98049837,YBQD23787925253211,High School,A,Minor Loss,None,1,1,KY,Louisville,23,AGENT00274,,
10-06-2020 00:00,TXN00000256,A00004252,PLC00004283,07-02-2011,31-05-2020,03-06-2020,Life,88.45,80000,Leroy Huling,6328 West Brown Street,,Glendale,AZ,85302,691-55-2667,Y,47,12,Y,3,L,Rent,MI,42834661,CXAG70277858887179,MD,A,Major Loss,Ambulance,1,1,MD,Glen Burnie,6,AGENT00027,VNDR00126,
10-06-2020 00:00,TXN00000257,A00003797,PLC00001855,10-10-2019,26-05-2020,31-05-2020,Travel,75.38,4000,Annabelle Krouse,5631 West Colter Street,#2129,Glendale,AZ,85301,160-06-5897,Y,38,9,N,3,M,Mortgage,LI,101926180,OYBK58585031631027,NA,A,Major Loss,Police,0,0,CO,Arvada,10,AGENT00014,VNDR00546,
10-06-2020 00:00,TXN00000258,A00003072,PLC00008557,15-02-2014,27-05-2020,01-06-2020,Life,57.15,54000,Tommy Young,7717 Everett Street,,Arvada,CO,80005,334-02-5555,Y,33,6,Y,2,M,Own,MI,69390874,UBWX63573537274229,NA,A,Minor Loss,None,0,1,AK,Anchorage,13,AGENT00413,,
10-06-2020 00:00,TXN00000259,A00002757,PLC00001961,12-05-2016,05-06-2020,06-06-2020,Motor,73.44,1000,Daniel Stephen,1629 South Razorback Road,#108,Fayetteville,AR,72701,379-44-3275,Y,57,95,Y,2,L,Mortgage,HI,94794283,GXPP27675575143499,Bachelor,A,Major Loss,Ambulance,1,1,AK,Anchorage,18,AGENT00808,VNDR00550,
10-06-2020 00:00,TXN00000260,A00004422,PLC00003474,23-01-2013,22-05-2020,27-05-2020,Mobile,9.6,200,Jill Alonzo,2400 Easy Street,,San Leandro,CA,94578,198-25-7145,Y,25,48,Y,3,M,Rent,MI,128613560,ZUXM15420006014019,High School,A,Minor Loss,Other,1,0,FL,Panama City,11,AGENT00982,VNDR00228,
10-06-2020 00:00,TXN00000261,A00002818,PLC00006148,27-11-2014,02-06-2020,05-06-2020,Motor,129.97,4000,Timothy Williamson,2315 Kimberly Drive,,Nashville,TN,37214,846-13-6037,N,39,17,N,7,M,Own,HI,37959182,BQZV11234475312492,High School,D,Major Loss,Other,0,1,AK,Anchorage,6,AGENT01068,VNDR00307,
10-06-2020 00:00,TXN00000262,A00004769,PLC00001521,23-06-2018,06-06-2020,07-06-2020,Life,52.48,73000,Kari Pritt,39247 Sundale Drive,,Fremont,CA,94538,355-26-1679,Y,34,13,Y,2,L,Rent,LI,32418547,AQPT75206728078761,High School,A,Minor Loss,Ambulance,1,1,OK,Moore,16,AGENT00392,VNDR00385,
10-06-2020 00:00,TXN00000263,A00008702,PLC00005071,22-01-2014,25-05-2020,30-05-2020,Motor,134.18,4000,Pedro Brown,809 Blue Ridge Drive,,Edmond,OK,73003,097-59-3054,Y,31,7,Y,6,L,Mortgage,HI,103040543,FSDK42268232724058,MD,A,Minor Loss,Police,1,1,AL,Montgomery,1,AGENT00072,VNDR00582,
10-06-2020 00:00,TXN00000264,A00002353,PLC00000813,03-08-2019,30-05-2020,04-06-2020,Travel,66.98,5000,Jerrod Robidoux,1606 Trevilian Way,,Louisville,KY,40205,451-34-4277,Y,33,59,Y,5,L,Own,HI,93004602,QOLV33168017102370,Bachelor,A,Major Loss,Ambulance,1,1,CA,Fremont,19,AGENT01103,,
10-06-2020 00:00,TXN00000265,A00009319,PLC00003287,22-10-2016,23-05-2020,28-05-2020,Mobile,7.38,400,Richard Love,3377 Sandstone Court,,Pleasanton,CA,94588,828-96-2792,Y,52,31,Y,7,H,Own,MI,27786174,DPRS32503805218174,High School,A,Total Loss,Police,1,0,DC,Washington,23,AGENT01121,VNDR00461,
10-06-2020 00:00,TXN00000266,A00004971,PLC00002386,28-11-2014,31-05-2020,03-06-2020,Health,149.03,2000,Ryan Perez,802 Virginia Avenue,,Lynn Haven,FL,32444,404-50-1354,Y,36,111,Y,5,M,Mortgage,MI,39637606,PMEN38704566633943,College,A,Major Loss,None,1,0,CT,Manchester,19,AGENT00480,VNDR00509,
10-06-2020 00:00,TXN00000267,A00005752,PLC00003511,11-08-2014,07-06-2020,07-06-2020,Motor,134.54,6000,Marion Smith,4506 Eads Place Northeast,,Washington,DC,20019,528-62-5761,N,36,38,Y,2,L,Rent,MI,74774508,BHHK77740382398037,High School,A,Total Loss,Police,1,0,AR,Fayetteville,1,AGENT00173,VNDR00187,
10-06-2020 00:00,TXN00000268,A00002527,PLC00007817,30-11-2014,25-05-2020,30-05-2020,Travel,61.82,1000,Lorena Ramirez,3323 Summerhill Drive,,Fayetteville,AR,72703,765-76-3333,Y,52,31,Y,4,M,Rent,LI,29136719,YZDF67985055598162,High School,A,Total Loss,Ambulance,1,0,AK,Anchorage,1,AGENT00217,VNDR00325,
10-06-2020 00:00,TXN00000269,A00000970,PLC00007756,27-06-2018,08-06-2020,08-06-2020,Travel,89.56,5000,Anna Jordan,332 Concord Avenue,,Cambridge,MA,2138,482-60-5250,Y,48,26,Y,2,M,Mortgage,HI,23745740,QQEO43961033374988,High School,A,Major Loss,Ambulance,1,0,CT,Manchester,12,AGENT00673,VNDR00423,
10-06-2020 00:00,TXN00000270,A00001896,PLC00009590,13-01-2019,08-06-2020,08-06-2020,Travel,72.49,1000,Margaret Reid,1456 North Coghill Drive,#106,Fayetteville,AR,72704,166-29-9883,Y,63,97,Y,5,M,Rent,MI,44453817,VJMN40859380152473,High School,A,Total Loss,Police,0,1,AL,Montgomery,1,AGENT00925,VNDR00010,
11-06-2020 00:00,TXN00000271,A00009828,PLC00009303,01-10-2019,06-06-2020,07-06-2020,Life,82.7,72000,William Archibald,565 Amber Isle,,Alameda,CA,94501,849-97-4245,Y,49,119,N,7,L,Rent,MI,75617936,EBDV76632129201640,Bachelor,A,Total Loss,Police,1,0,KY,Louisville,5,AGENT00789,,
11-06-2020 00:00,TXN00000272,A00000412,PLC00003751,14-11-2013,08-06-2020,08-06-2020,Health,131.7,11000,Ethel Forti,2622 Martin Luther King Junior Boulevard,,Fayetteville,AR,72704,092-62-1896,Y,26,6,Y,7,M,Rent,MI,26646464,RYSF86065317836886,High School,A,Major Loss,None,1,0,OK,Edmond,20,AGENT00115,VNDR00545,
11-06-2020 00:00,TXN00000273,A00000295,PLC00008361,26-12-2014,05-06-2020,07-06-2020,Property,153.34,27000,Jeffrey Walters,6120 Southeast 84th Street,,Oklahoma City,OK,73135,023-59-9167,N,62,59,Y,6,M,Mortgage,MI,115763083,CYQZ98850774340948,PhD,A,Major Loss,Other,1,0,AK,Soldotna,12,AGENT00241,VNDR00571,
11-06-2020 00:00,TXN00000274,A00008093,PLC00008826,21-08-2012,29-05-2020,03-06-2020,Health,180.34,12000,Griselda Blackman,7450 Wade Circle,,Anchorage,AK,99518,699-35-4813,Y,62,86,Y,3,M,Rent,MI,66780649,SMCV98011257015265,Bachelor,A,Total Loss,Ambulance,1,1,CO,Arvada,23,AGENT00667,,
11-06-2020 00:00,TXN00000275,A00003541,PLC00004868,09-03-2019,03-06-2020,06-06-2020,Mobile,8.74,100,Dale Goss,2508 Grant Avenue,,Panama City,FL,32405,172-45-1024,Y,45,68,Y,7,M,Mortgage,MI,33069995,EGIZ82119955137024,Bachelor,A,Minor Loss,Ambulance,1,1,AK,Anchorage,6,AGENT00094,VNDR00060,
11-06-2020 00:00,TXN00000276,A00001678,PLC00009064,25-12-2018,25-05-2020,30-05-2020,Property,85.41,29000,Micheal Houston,2411 Alteras Drive,,Nashville,TN,37211,890-43-1201,Y,27,52,Y,4,M,Mortgage,LI,11263072,IGWL94754510401195,High School,A,Major Loss,Ambulance,0,1,KY,Louisville,6,AGENT00037,VNDR00538,
11-06-2020 00:00,TXN00000277,A00008295,PLC00001572,24-07-2018,01-06-2020,04-06-2020,Health,141.15,11000,Christopher Vollmer,32 Royal Drive,,Louisville,KY,40214,570-81-9012,Y,46,80,Y,2,M,Own,MI,52396115,ZMPH49852398928788,High School,A,Minor Loss,Other,1,1,KY,Louisville,10,AGENT00741,,
11-06-2020 00:00,TXN00000278,A00002775,PLC00003563,26-07-2017,23-05-2020,28-05-2020,Mobile,8.58,700,Eugenia Burnett,4700 10th Street Northeast,,Washington,DC,20017,239-29-6967,Y,56,86,Y,7,L,Mortgage,HI,68412122,BRJS47457486102313,High School,A,Total Loss,Ambulance,1,1,AZ,Glendale,6,AGENT00843,,
11-06-2020 00:00,TXN00000279,A00001166,PLC00003485,19-06-2012,25-05-2020,30-05-2020,Property,120.98,19000,Ruth Harris,5116 Emmanuel Avenue,,Anchorage,AK,99508,571-26-7110,Y,27,97,Y,4,M,Rent,MI,77475888,LCKI36002775451629,Bachelor,A,Minor Loss,Police,1,1,CT,Groton,12,AGENT01090,VNDR00535,
11-06-2020 00:00,TXN00000280,A00003617,PLC00001308,06-12-2011,06-06-2020,07-06-2020,Mobile,8.25,200,Walter Yoes,1208 Lindenwood Drive,,Panama City,FL,32405,805-07-0730,N,49,8,N,3,L,Own,MI,110190774,RDMU65650212875753,College,A,Total Loss,Police,1,1,AL,Montgomery,14,AGENT00059,VNDR00305,
11-06-2020 00:00,TXN00000281,A00005861,PLC00002849,29-08-2017,02-06-2020,05-06-2020,Motor,93.9,2000,William Farnsworth,46 Deslauriers Street,,Chicopee,MA,1020,136-46-4352,N,64,117,Y,5,L,Rent,MI,73072612,UAEO26735565846174,High School,A,Major Loss,Police,0,1,DC,Washington,3,AGENT00467,,
11-06-2020 00:00,TXN00000282,A00004948,PLC00003949,29-12-2011,10-06-2020,10-06-2020,Mobile,7.7,200,Darrell Vang,3604 West Market Street,,Louisville,KY,40212,381-81-0026,Y,40,46,Y,2,M,Own,MI,31769381,DJRF31439212796806,NA,A,Minor Loss,None,1,0,FL,Panama City,6,AGENT00480,VNDR00233,
11-06-2020 00:00,TXN00000283,A00004975,PLC00000973,30-08-2014,24-05-2020,29-05-2020,Health,117.02,19000,Mitchell Schultz,9302 West 58th Avenue,,Arvada,CO,80002,321-79-6627,Y,56,37,Y,5,H,Own,HI,45586026,EFRB10366659869678,NA,A,Minor Loss,Ambulance,0,0,CO,Arvada,19,AGENT00542,,
11-06-2020 00:00,TXN00000284,A00002933,PLC00007090,17-07-2012,26-05-2020,31-05-2020,Health,113.93,10000,Andrea Rivera,307 Joel Street,,Pooler,GA,31322,006-28-7382,Y,63,40,Y,6,M,Rent,MI,124925524,WKLE63262791439705,MD,D,Major Loss,Ambulance,0,1,OK,Midwest City,6,AGENT00647,VNDR00377,
11-06-2020 00:00,TXN00000285,A00002781,PLC00007234,17-06-2011,07-06-2020,08-06-2020,Property,127.79,36000,Stanley Harman,1311 Elm Hill Pike,,Nashville,TN,37210,564-76-3320,Y,54,109,Y,5,L,Rent,MI,98120280,ZJZK59122136909146,High School,A,Minor Loss,Police,1,1,GA,Savannah,10,AGENT01109,,
11-06-2020 00:00,TXN00000286,A00003981,PLC00007005,22-03-2012,08-06-2020,08-06-2020,Motor,115.54,5000,Shantel Gray,1811 1st Street Northwest,,Washington,DC,20001,283-22-6098,Y,29,117,Y,5,H,Own,HI,39426972,QUNF95860316966266,Masters,A,Total Loss,Ambulance,1,0,CA,Woodland,5,AGENT00633,VNDR00570,
11-06-2020 00:00,TXN00000287,A00007633,PLC00003257,08-08-2017,27-05-2020,01-06-2020,Life,75.85,60000,Garry Morreale,1001 Northwest 104th Street,,Oklahoma City,OK,73114,758-35-9736,Y,25,102,Y,4,L,Mortgage,MI,80301787,IWLQ14482444844438,Bachelor,A,Total Loss,Police,0,0,KY,Louisville,12,AGENT01124,VNDR00468,
11-06-2020 00:00,TXN00000288,A00003395,PLC00000935,27-12-2017,25-05-2020,30-05-2020,Property,159.98,25000,Mary Plummer,4231 Miramonte Way,,Union City,CA,94587,761-65-5201,Y,52,119,Y,3,L,Rent,MI,13079361,FIYB15820081532212,Bachelor,A,Total Loss,None,0,1,AK,Anchorage,1,AGENT00048,VNDR00019,
11-06-2020 00:00,TXN00000289,A00008184,PLC00002080,17-08-2013,02-06-2020,05-06-2020,Mobile,8.6,400,Richard Richmond,505 Tarpon Street,,Panama City Beach,FL,32413,776-10-8052,N,54,82,Y,2,L,Mortgage,MI,62233938,ARMC80571261652770,Bachelor,A,Minor Loss,Ambulance,1,0,CO,Arvada,15,AGENT00719,,
11-06-2020 00:00,TXN00000290,A00005321,PLC00001319,14-03-2012,10-06-2020,10-06-2020,Property,145,23000,Arlene Ortega,514 Flower Lane,,Alameda,CA,94502,490-49-9256,Y,60,12,Y,3,L,Rent,MI,97664019,EPSV07760524365466,Bachelor,A,Minor Loss,Ambulance,1,0,AZ,Glendale,10,AGENT01168,VNDR00555,
12-06-2020 00:00,TXN00000291,A00004662,PLC00003040,01-07-2019,26-05-2020,31-05-2020,Life,93.84,44000,Nadine Harris,42 Lake Lane,,Westmore,VT,5860,467-17-6470,N,36,84,Y,3,M,Mortgage,MI,104603882,EIZS54068557684846,Bachelor,A,Major Loss,None,0,0,MD,Severn,11,AGENT00093,,
12-06-2020 00:00,TXN00000292,A00008498,PLC00009193,09-11-2010,07-06-2020,08-06-2020,Life,52.94,47000,Michael Marks,534 Turpin Street,#APT 000001,Anchorage,AK,99504,015-13-5294,Y,36,18,Y,5,M,Mortgage,HI,129895002,EYFC70198509101344,High School,A,Total Loss,Other,0,1,DC,Washington,8,AGENT00658,VNDR00366,
12-06-2020 00:00,TXN00000293,A00007785,PLC00007551,30-12-2015,04-06-2020,07-06-2020,Property,149.77,27000,Geraldine Luck,119 Redwood Road,,Manchester,CT,6040,643-68-2305,Y,36,6,Y,2,M,Rent,MI,110271570,YSVS98098846238718,PhD,A,Minor Loss,Ambulance,1,1,CO,Arvada,1,AGENT00352,,
12-06-2020 00:00,TXN00000294,A00005768,PLC00003529,12-12-2013,07-06-2020,08-06-2020,Property,103.98,25000,Delphine Ellison,1030 Shawnee Street,#D-6,Savannah,GA,31419,061-88-6844,Y,44,67,N,5,M,Mortgage,LI,125792374,YZIS35726203301931,Masters,A,Total Loss,Other,1,1,DC,Washington,0,AGENT00077,VNDR00012,
12-06-2020 00:00,TXN00000295,A00004423,PLC00003476,02-01-2012,06-06-2020,08-06-2020,Property,138.1,23000,Vickie Lopez,2894 Music Avenue,,Grand Junction,CO,81506,014-14-2528,Y,64,109,Y,7,M,Mortgage,MI,65151062,VZPP00808597838502,High School,A,Total Loss,Ambulance,1,1,TN,Nashville,6,AGENT00161,VNDR00266,
12-06-2020 00:00,TXN00000296,A00005109,PLC00005987,04-10-2018,23-05-2020,28-05-2020,Life,82.08,89000,Arthur Herman,8427 West Glendale Avenue,#202,Glendale,AZ,85305,203-46-6332,Y,43,113,Y,3,M,Own,MI,51770457,PKOO80798508228418,MD,A,Major Loss,None,0,1,CO,Arvada,12,AGENT00492,VNDR00087,
12-06-2020 00:00,TXN00000297,A00006321,PLC00005047,04-07-2016,05-06-2020,07-06-2020,Life,56.26,70000,Karen Gorman,14300 Leesa Lane,,Edmond,OK,73013,582-29-7931,Y,61,22,Y,4,M,Rent,MI,41127829,EITR31839983140597,High School,A,Total Loss,Ambulance,1,0,AZ,Glendale,19,AGENT00383,VNDR00106,
12-06-2020 00:00,TXN00000298,A00007548,PLC00009145,19-09-2012,31-05-2020,05-06-2020,Travel,74.96,1000,Jeannie Perez,110 Lenoak Drive,,Louisville,KY,40214,669-77-0974,Y,51,51,Y,4,L,Mortgage,MI,56918434,DSXV65637521401448,Bachelor,A,Total Loss,Ambulance,1,0,GA,Savannah,13,AGENT00110,VNDR00484,
12-06-2020 00:00,TXN00000299,A00007255,PLC00005814,15-10-2015,07-06-2020,08-06-2020,Mobile,9.51,100,Russell Stclair,7 Vantine Avenue,,Alburgh,VT,5440,850-82-9520,Y,51,29,N,6,L,Rent,HI,58143126,DDBF31249345109342,Bachelor,A,Minor Loss,Other,1,1,VT,Woodford,4,AGENT00496,,
12-06-2020 00:00,TXN00000300,A00004346,PLC00007834,15-10-2013,01-06-2020,06-06-2020,Health,107.93,19000,Gabriel Vangieson,2928 Avon Road,,Panama City,FL,32405,714-73-5400,N,59,36,Y,6,M,Mortgage,MI,17686608,RLYO18394811074102,College,D,Major Loss,Ambulance,0,0,TN,Nashville,10,AGENT00825,,
12-06-2020 00:00,TXN00000301,A00007689,PLC00008345,29-11-2014,31-05-2020,05-06-2020,Property,105.12,21000,Tony Mclennan,6518 Dolphin Court,,Glen Burnie,MD,21061,673-59-1531,Y,62,86,Y,6,M,Own,MI,75240109,HVEI73731701843811,PhD,A,Major Loss,Ambulance,0,1,AR,Fayetteville,8,AGENT00262,VNDR00541,
12-06-2020 00:00,TXN00000302,A00006433,PLC00007621,12-02-2017,25-05-2020,30-05-2020,Property,87.66,21000,Brianna Luna,3604 Ridgehaven Drive,,Midwest City,OK,73110,511-43-7085,Y,43,60,Y,3,M,Own,LI,129407555,ZMGD64358749029957,High School,A,Major Loss,None,1,1,MA,Melrose,5,AGENT00977,VNDR00414,
12-06-2020 00:00,TXN00000303,A00004452,PLC00004217,06-10-2011,02-06-2020,05-06-2020,Property,149.62,25000,Bobbie Wampler,1400 Rosa L Parks Boulevard,#305,Nashville,TN,37208,128-97-6466,Y,31,56,Y,2,H,Rent,LI,118557814,KTRT18907733101367,High School,A,Minor Loss,Ambulance,0,1,MA,Salem,15,AGENT00906,,
12-06-2020 00:00,TXN00000304,A00000358,PLC00009297,05-08-2015,06-06-2020,08-06-2020,Motor,103.16,3000,Graham Skinner,3328 Sunny Meadows Court,,Birmingham,AL,35242,003-64-0387,Y,62,115,Y,7,M,Own,LI,34732917,NGJB85443754980323,High School,A,Minor Loss,None,0,0,CT,Manchester,0,AGENT00534,,
12-06-2020 00:00,TXN00000305,A00006175,PLC00004012,09-10-2013,29-05-2020,03-06-2020,Health,151.57,5000,Rebecca Ramirez,6740 West Montebello Avenue,#3B,Glendale,AZ,85303,342-59-6947,Y,30,102,Y,7,H,Own,MI,38079456,GLCU49524621283061,Masters,A,Total Loss,None,1,1,VT,,22,AGENT00922,,
12-06-2020 00:00,TXN00000306,A00005032,PLC00009762,07-02-2012,23-05-2020,28-05-2020,Motor,124.6,5000,Kristy Bradford,3522 Whiting Avenue,,Montgomery,AL,36105,707-57-2977,Y,28,22,N,7,M,Own,MI,52287143,NVFH90389008371299,Bachelor,A,Total Loss,Other,0,1,MA,Somerville,22,AGENT00068,VNDR00141,
12-06-2020 00:00,TXN00000307,A00001617,PLC00000517,28-11-2014,04-06-2020,07-06-2020,Motor,106.34,8000,Jennifer Walsh,3504 East 16th Avenue,,Anchorage,AK,99508,778-38-2735,Y,37,74,Y,6,M,Own,MI,59690270,HNEV42357323511402,Bachelor,D,Minor Loss,Other,0,1,CT,Manchester,3,AGENT00383,VNDR00222,
12-06-2020 00:00,TXN00000308,A00009631,PLC00006914,28-02-2018,27-05-2020,01-06-2020,Property,128.92,24000,Imelda Hollen,16412 Eastwood Cut Off Road,,Louisville,KY,40245,483-40-0320,Y,37,34,Y,5,L,Own,LI,62831275,HPJL71975485273666,Bachelor,A,Major Loss,Other,0,0,CO,Boulder,18,AGENT00938,VNDR00204,
12-06-2020 00:00,TXN00000309,A00000282,PLC00003414,21-02-2018,26-05-2020,31-05-2020,Health,116.33,4000,Nathan Yusef,6505 South Lagoon Drive,,Panama City Beach,FL,32408,880-47-3295,N,54,98,N,5,M,Rent,MI,29392197,JCZA59284212244287,High School,A,Major Loss,Police,1,1,AK,Anchorage,15,AGENT00921,VNDR00513,
12-06-2020 00:00,TXN00000310,A00009043,PLC00001784,09-11-2016,30-05-2020,04-06-2020,Motor,96.1,6000,Jeanette Bickford,700 Winston Place,,Anchorage,AK,99504,591-79-4495,Y,28,80,Y,7,M,Own,LI,41039276,LADF94635989024501,High School,A,Minor Loss,None,1,0,KY,Louisville,12,AGENT00730,,
12-06-2020 00:00,TXN00000311,A00006472,PLC00002326,28-02-2018,31-05-2020,05-06-2020,Health,107.76,4000,Gina Butler,1720 Quacco Road,A,Pooler,GA,31322,689-71-7015,N,36,91,Y,2,M,Rent,LI,19320577,OBRQ69719627723633,Bachelor,A,Total Loss,Police,0,1,CO,Arvada,9,AGENT00278,VNDR00364,
12-06-2020 00:00,TXN00000312,A00000530,PLC00004660,07-05-2011,06-06-2020,08-06-2020,Travel,77.48,5000,Dorothy Henson,5813 Hammermill Loop,,Montgomery,AL,36116,403-91-3486,Y,39,51,Y,6,M,Rent,LI,35295929,PDXT38273523339721,High School,A,Total Loss,Ambulance,1,0,KY,Louisville,1,AGENT00963,VNDR00391,
12-06-2020 00:00,TXN00000313,A00003041,PLC00006168,03-12-2013,24-05-2020,29-05-2020,Travel,94.66,5000,Robert Williams,6740 Van Gordon Street,,Arvada,CO,80004,360-50-0517,Y,46,119,Y,3,L,Own,HI,19121718,DSOV35540008556865,College,D,Minor Loss,Ambulance,1,0,VT,Burlington,9,AGENT00970,VNDR00327,
12-06-2020 00:00,TXN00000314,A00000557,PLC00006538,18-02-2016,10-06-2020,10-06-2020,Mobile,7.16,100,Arthur Noman,66 Pine Street,,Manchester,CT,6040,876-02-0597,N,59,93,Y,6,M,Rent,LI,127083955,QYMC15009064441182,High School,A,Minor Loss,Police,1,0,AR,Fayetteville,9,AGENT00369,VNDR00532,
12-06-2020 00:00,TXN00000315,A00006886,PLC00001947,30-12-2018,10-06-2020,10-06-2020,Life,98.98,36000,Kurt Barker,21007 North 53rd Avenue,,Glendale,AZ,85308,639-43-8963,Y,38,11,Y,5,L,Own,HI,87074703,RTJW60331042574781,PhD,A,Major Loss,Police,1,1,CA,Alameda,16,AGENT00411,VNDR00327,
12-06-2020 00:00,TXN00000316,A00002050,PLC00002541,19-07-2011,28-05-2020,02-06-2020,Property,141.91,17000,Helen Brooks,5434 West Beck Lane,,Glendale,AZ,85306,450-86-7681,Y,41,50,N,6,M,Own,MI,81754540,KODO17381307222374,High School,A,Major Loss,Police,1,1,DC,Washington,0,AGENT01138,VNDR00301,
13-06-2020 00:00,TXN00000317,A00001251,PLC00003897,09-05-2019,08-06-2020,09-06-2020,Motor,110.44,3000,Lou Preston,605 Main Street,,Watertown,MA,2472,106-61-2305,Y,42,67,Y,7,M,Mortgage,HI,121870999,RSPI98419816419061,Bachelor,A,Total Loss,Ambulance,1,1,AZ,Glendale,19,AGENT00966,VNDR00584,
13-06-2020 00:00,TXN00000318,A00004584,PLC00004585,19-10-2015,25-05-2020,30-05-2020,Health,125.57,5000,Thomas Conlisk,1632 North Lunsford Avenue,,Fayetteville,AR,72701,251-01-1239,Y,50,80,Y,4,M,Own,MI,85873689,DOCU12941022669182,MD,A,Minor Loss,Ambulance,0,1,TN,Nashville,23,AGENT00923,VNDR00415,
13-06-2020 00:00,TXN00000319,A00009111,PLC00004631,18-02-2015,27-05-2020,01-06-2020,Health,151.18,2000,Gerard Duncan,159 North Pawlet Road,,Pawlet,VT,5761,401-71-7096,Y,38,33,N,6,M,Own,LI,30813445,GFIX10293812157371,College,A,Minor Loss,Police,1,1,MD,Pasadena,6,AGENT00066,VNDR00183,
13-06-2020 00:00,TXN00000320,A00005461,PLC00004097,13-02-2012,27-05-2020,01-06-2020,Health,181.48,10000,Charlene Schnitker,2961 Vinson Road,,Montgomery,AL,36110,741-74-1659,Y,62,34,N,3,M,Mortgage,MI,57278364,GEDH60560282050802,Masters,A,Minor Loss,Ambulance,1,0,AL,Montgomery,3,AGENT00614,VNDR00324,
13-06-2020 00:00,TXN00000321,A00002955,PLC00006819,18-12-2018,01-06-2020,06-06-2020,Motor,121.7,4000,Lillian Carraway,600 Marshall Street,#125,Louisville,KY,40202,490-23-9174,N,46,101,Y,4,H,Mortgage,MI,127708117,OMXK25928946682034,Bachelor,A,Major Loss,Police,0,0,AR,Fayetteville,8,AGENT00940,VNDR00564,
13-06-2020 00:00,TXN00000322,A00001742,PLC00009888,19-02-2013,24-05-2020,29-05-2020,Motor,114.12,5000,Sean Jackson,1405 Tolkien Drive,,Conway,AR,72034,112-37-2045,N,61,75,Y,5,H,Rent,HI,89431140,PEDA59585999067619,High School,A,Total Loss,Other,1,0,MD,Annapolis,20,AGENT01013,,
13-06-2020 00:00,TXN00000323,A00000952,PLC00006374,15-01-2012,27-05-2020,01-06-2020,Property,83.07,19000,Cherie Regalado,2507 R Street Southeast,,Washington,DC,20020,293-05-1493,Y,57,64,Y,7,L,Own,HI,52378832,DKUN16227993329380,Bachelor,A,Total Loss,Other,1,1,AZ,Glendale,20,AGENT01178,VNDR00553,
13-06-2020 00:00,TXN00000324,A00002637,PLC00005447,05-12-2016,04-06-2020,07-06-2020,Motor,104.64,8000,Seth Keisler,5792 Owl Hill Avenue,,Santa Rosa,CA,95409,337-48-1222,Y,56,23,Y,6,L,Own,MI,104951741,BTHU10977164186825,PhD,A,Total Loss,Ambulance,0,0,TN,Nashville,1,AGENT00705,,
13-06-2020 00:00,TXN00000325,A00007698,PLC00006394,10-02-2012,27-05-2020,01-06-2020,Motor,97.13,6000,Shawn Mency,9515 West 74th Avenue,,Arvada,CO,80005,277-60-5077,Y,51,50,Y,2,L,Mortgage,LI,102390278,IFBB29016112339563,Bachelor,A,Major Loss,Other,0,0,AR,Fayetteville,12,AGENT00643,VNDR00373,
13-06-2020 00:00,TXN00000326,A00004621,PLC00005316,15-03-2012,09-06-2020,10-06-2020,Property,108.04,14000,George Harris,5156 South Dakota Avenue Northeast,,Washington,DC,20017,078-22-8152,N,55,62,Y,4,L,Own,LI,93771252,LAKU37286404104012,MD,A,Major Loss,None,1,1,CO,Boulder,1,AGENT00720,VNDR00102,
13-06-2020 00:00,TXN00000327,A00003346,PLC00006459,09-07-2011,29-05-2020,03-06-2020,Travel,69.61,5000,Jeffrey Gutshall,7350 West Wedington Drive,,Fayetteville,AR,72704,729-83-1513,Y,44,14,Y,7,L,Own,HI,66668156,TFYJ82365612446268,College,A,Major Loss,Ambulance,0,0,VT,West Windsor,1,AGENT00463,VNDR00449,
13-06-2020 00:00,TXN00000328,A00000444,PLC00003379,07-07-2019,06-06-2020,08-06-2020,Life,57.03,78000,Thomas Cagle,1995 Nolensville Pike,,Nashville,TN,37211,601-47-9979,Y,26,55,Y,5,L,Rent,HI,14313550,WTYH85767751423899,Bachelor,A,Major Loss,Police,1,0,KY,Louisville,11,AGENT00754,VNDR00283,
13-06-2020 00:00,TXN00000329,A00009658,PLC00005025,25-09-2015,24-05-2020,29-05-2020,Health,168.21,16000,David Peterson,5792 Owl Hill Avenue,,Santa Rosa,CA,95409,131-97-1818,Y,60,53,Y,6,M,Own,MI,45119493,UNFF56959734266135,College,A,Major Loss,Ambulance,1,1,CA,Selma,10,AGENT00095,,
13-06-2020 00:00,TXN00000330,A00006222,PLC00000004,07-01-2014,31-05-2020,05-06-2020,Property,93.49,23000,Cindy Sartin,4296 North Blossom Court,,Fayetteville,AR,72703,272-84-1023,N,31,43,Y,7,H,Rent,HI,16922965,DLEF35185286399990,Bachelor,A,Major Loss,Other,0,0,KY,Louisville,23,AGENT00944,VNDR00483,
13-06-2020 00:00,TXN00000331,A00008673,PLC00004011,05-07-2013,09-06-2020,10-06-2020,Health,117.76,5000,Marilyn Henry,12 Fletcher Lane,,Shelburne,VT,5482,401-04-3265,Y,57,60,Y,7,L,Mortgage,MI,34535363,BRTP42088374018930,MD,A,Total Loss,Ambulance,0,1,OK,Edmond,16,AGENT00196,VNDR00005,
13-06-2020 00:00,TXN00000332,A00003179,PLC00008464,06-03-2014,28-05-2020,02-06-2020,Mobile,7.05,300,Lena Daly,233 Ingraham Street Northwest,,Washington,DC,20011,835-14-5918,N,61,72,Y,2,M,Mortgage,LI,121780144,QQWS12524167149874,Bachelor,A,Minor Loss,Ambulance,0,1,KY,Louisville,17,AGENT01025,VNDR00025,
13-06-2020 00:00,TXN00000333,A00001907,PLC00006501,06-08-2017,28-05-2020,02-06-2020,Property,124.09,25000,Susan Scontras,514 East 38th Street,,Savannah,GA,31401,865-42-1727,Y,41,101,Y,4,L,Mortgage,MI,60970109,BJVH02382108274363,Bachelor,A,Minor Loss,Ambulance,1,1,AZ,Glendale,6,AGENT01138,VNDR00540,
13-06-2020 00:00,TXN00000334,A00007937,PLC00007958,27-10-2012,03-06-2020,06-06-2020,Property,158.57,11000,Larry Labarge,13213 Spanish Moss Road,,Savannah,GA,31419,409-84-5009,Y,51,40,Y,3,L,Rent,MI,108679016,WZBV46606856503545,College,A,Minor Loss,Ambulance,1,1,OK,Oklahoma City,23,AGENT00841,VNDR00579,
13-06-2020 00:00,TXN00000335,A00000439,PLC00004596,27-12-2014,12-06-2020,12-06-2020,Property,142.09,28000,Donna Cain,12 Netherclift Way,,Savannah,GA,31411,511-87-3703,N,62,36,Y,2,L,Rent,MI,40703121,FZQR91726306894176,Bachelor,A,Total Loss,Police,1,1,FL,Panama City,23,AGENT00406,VNDR00565,
13-06-2020 00:00,TXN00000336,A00002730,PLC00005571,31-12-2014,04-06-2020,07-06-2020,Motor,81.75,1000,Willie Murphy,6604 Northwest 130th Street,,Oklahoma City,OK,73142,045-15-9160,Y,33,72,Y,5,L,Rent,HI,19967943,XVZD24665957419983,Bachelor,A,Major Loss,Police,1,0,DC,Washington,23,AGENT01009,VNDR00319,
13-06-2020 00:00,TXN00000337,A00007208,PLC00008971,23-05-2017,06-06-2020,08-06-2020,Property,95.6,26000,Richard Makhija,8043 Cranberry Street,#APT 000001,Anchorage,AK,99502,492-94-0743,Y,64,15,Y,6,M,Mortgage,MI,74355817,KKDW45233268439660,High School,A,Minor Loss,Police,1,1,AL,Montgomery,20,AGENT01113,VNDR00339,
13-06-2020 00:00,TXN00000338,A00003231,PLC00002340,15-10-2018,11-06-2020,11-06-2020,Travel,56.41,1000,Timothy Cuff,7090 West 64th Avenue,,Arvada,CO,80003,290-73-3035,Y,42,94,N,2,L,Own,LI,55394884,WXQO04765991039257,Bachelor,A,Total Loss,Ambulance,1,1,VT,Readsboro,6,AGENT00247,,
13-06-2020 00:00,TXN00000339,A00008540,PLC00003956,04-07-2017,31-05-2020,05-06-2020,Travel,66,5000,Kevin Ratliff,53 Greenwood Avenue,#1,Wakefield,MA,1880,515-54-5032,Y,63,73,Y,6,L,Mortgage,LI,71109325,ONBJ28096643402850,Bachelor,A,Minor Loss,Other,0,1,AK,Anchorage,16,AGENT00774,VNDR00545,
14-06-2020 00:00,TXN00000340,A00006198,PLC00003498,14-06-2011,25-05-2020,30-05-2020,Health,169.13,6000,Bettie Cook,1629 South Razorback Road,#108,Fayetteville,AR,72701,208-80-3830,Y,52,109,Y,7,H,Mortgage,HI,120716216,QGCI61623796284020,Masters,A,Total Loss,Ambulance,1,1,CT,Manchester,14,AGENT01039,VNDR00106,
14-06-2020 00:00,TXN00000341,A00004574,PLC00002138,17-02-2011,06-06-2020,09-06-2020,Life,98.75,19000,Teresa Montondo,9009 West Nicolet Avenue,,Glendale,AZ,85305,813-10-0690,N,52,27,Y,2,H,Rent,MI,10442124,GVEF76528468827265,MD,A,Major Loss,None,1,1,AZ,Glendale,19,AGENT01056,VNDR00321,
14-06-2020 00:00,TXN00000342,A00009166,PLC00007889,30-10-2010,04-06-2020,07-06-2020,Motor,90.83,4000,David Bailey,5706 Worchester Drive,,Montgomery,AL,36116,466-42-0700,Y,44,111,Y,5,H,Rent,HI,37040745,VSLM16238798442072,Masters,A,Major Loss,Police,1,0,GA,Savannah,14,AGENT00295,VNDR00153,
14-06-2020 00:00,TXN00000343,A00002041,PLC00000086,25-05-2013,12-06-2020,12-06-2020,Health,181.09,15000,Irene Nixon,5208 Colorado Avenue Northwest,,Washington,DC,20011,054-57-1971,Y,50,8,Y,3,L,Mortgage,HI,93774123,MBUZ28344171261523,Masters,A,Minor Loss,Police,0,1,KY,Louisville,4,AGENT00763,,
14-06-2020 00:00,TXN00000344,A00009918,PLC00004355,22-11-2013,10-06-2020,11-06-2020,Motor,137.71,8000,Lisa Prieto,301 Willow Way,,Lynn Haven,FL,32444,112-03-8410,Y,63,64,Y,7,L,Own,MI,86373120,FMUY10161519955889,NA,A,Major Loss,None,1,0,DC,Washington,11,AGENT00237,,
14-06-2020 00:00,TXN00000345,A00002725,PLC00001815,07-12-2011,08-06-2020,10-06-2020,Motor,87.64,10000,Norbert Crawford,9403 Fairground Road,,Louisville,KY,40291,858-53-4479,Y,53,97,Y,7,M,Mortgage,HI,95349886,QYDK56708754399229,Bachelor,A,Total Loss,Ambulance,0,1,GA,Savannah,12,AGENT01195,VNDR00365,
14-06-2020 00:00,TXN00000346,A00007981,PLC00001538,01-04-2013,28-05-2020,02-06-2020,Health,120.46,11000,Timothy Carter,26 Seaman Circle,,Manchester,CT,6040,642-32-3820,Y,36,42,Y,5,M,Rent,LI,59799760,KHAC13975972984827,Bachelor,A,Total Loss,Other,1,0,GA,Pooler,15,AGENT01176,,
14-06-2020 00:00,TXN00000347,A00005141,PLC00007857,02-12-2019,27-05-2020,01-06-2020,Mobile,10.9,700,David Lewis,134 Butternut Road,,Manchester,CT,6040,501-49-2543,Y,37,74,Y,6,L,Rent,LI,129597339,GBHH44256166180471,Bachelor,A,Major Loss,Ambulance,1,0,AR,Fayetteville,17,AGENT00786,VNDR00406,
14-06-2020 00:00,TXN00000348,A00004408,PLC00008517,16-12-2010,13-06-2020,13-06-2020,Motor,108.84,4000,Doris Mercado,8300 Dover Way,,Arvada,CO,80005,805-34-8743,Y,57,56,Y,6,M,Own,MI,98076295,BYGX05651989811000,MD,A,Minor Loss,None,0,1,AL,Montgomery,6,AGENT00583,,
14-06-2020 00:00,TXN00000349,A00002084,PLC00003715,09-12-2012,25-05-2020,30-05-2020,Health,126.27,16000,Herman Decoteau,4 Stemson Way,,Port Wentworth,GA,31407,162-52-3157,Y,50,58,Y,6,L,Rent,HI,33899754,RZAQ60845132850724,College,A,Minor Loss,Ambulance,1,1,AR,Fayetteville,6,AGENT00543,VNDR00484,
14-06-2020 00:00,TXN00000350,A00008408,PLC00002744,25-07-2014,30-05-2020,04-06-2020,Travel,76.45,1000,Constance Platter,173 Spruce Street,#18,Manchester,CT,6040,801-50-7857,N,25,44,Y,3,L,Rent,MI,25278286,VIHZ21868730184095,High School,A,Major Loss,Ambulance,1,1,CT,Manchester,2,AGENT00975,VNDR00433,
14-06-2020 00:00,TXN00000351,A00006343,PLC00001748,06-10-2015,30-05-2020,04-06-2020,Mobile,9.5,300,Melissa Gonzalez,1313 Paulson Way,,Nashville,TN,37013,347-75-1088,Y,64,93,Y,5,M,Rent,MI,110784546,QSBJ48256464822499,MD,A,Major Loss,Police,1,1,CT,Manchester,4,AGENT00525,,
14-06-2020 00:00,TXN00000352,A00001157,PLC00006860,14-08-2015,11-06-2020,11-06-2020,Property,128.02,15000,Erin Willie,1421 Floral Street Northwest,,Washington,DC,20012,611-90-2476,N,28,40,Y,2,L,Mortgage,MI,46044114,KXGJ63243242439196,Bachelor,A,Minor Loss,Ambulance,1,0,CO,Arvada,6,AGENT00064,VNDR00164,
14-06-2020 00:00,TXN00000353,A00009612,PLC00007826,06-05-2016,08-06-2020,10-06-2020,Property,141.3,28000,Dreama Scurry,2315 Kimberly Drive,,Nashville,TN,37214,664-60-2177,N,52,115,Y,2,L,Mortgage,HI,128297355,DXXX02021189936034,College,D,Total Loss,Ambulance,1,0,AZ,Glendale,15,AGENT00769,VNDR00463,
14-06-2020 00:00,TXN00000354,A00003521,PLC00009294,26-06-2017,28-05-2020,02-06-2020,Property,87.56,11000,Monica Handley,620 Oakland Avenue,,Fayetteville,AR,72701,184-69-8647,N,44,94,Y,5,L,Mortgage,MI,77765572,QVBM33690300330648,NA,D,Total Loss,None,1,0,OK,Edmond,18,AGENT00907,,
14-06-2020 00:00,TXN00000355,A00001937,PLC00006117,13-06-2017,11-06-2020,11-06-2020,Motor,104.97,1000,Sharon Rawlings,14 Huntington Street,,Manchester,CT,6040,744-61-3397,N,55,73,Y,6,M,Mortgage,HI,96549287,CECC45365809369178,Masters,A,Minor Loss,Ambulance,1,1,VT,Reading,21,AGENT00122,VNDR00491,
14-06-2020 00:00,TXN00000356,A00006480,PLC00004361,17-05-2013,02-06-2020,07-06-2020,Travel,75.21,4000,Tonya Nutting,29 Lucian Street,,Manchester,CT,6040,889-26-7246,Y,28,56,Y,7,L,Mortgage,HI,30007497,JYXK18921292159616,MD,A,Major Loss,Other,0,1,GA,Savannah,10,AGENT00432,VNDR00326,
14-06-2020 00:00,TXN00000357,A00003794,PLC00007681,01-04-2015,05-06-2020,08-06-2020,Mobile,9.89,400,Bradley Green,1831 Frankford Avenue,,Panama City,FL,32405,664-26-1661,Y,39,47,N,3,H,Rent,MI,50003905,BTNV07098099612226,College,A,Total Loss,Police,1,0,DC,Washington,3,AGENT00709,VNDR00319,
14-06-2020 00:00,TXN00000358,A00007745,PLC00009918,16-03-2013,31-05-2020,05-06-2020,Travel,62.99,2000,Ingrid Bolin,2708 Riverview Drive,,Riva,MD,21140,540-94-9446,Y,45,32,Y,7,M,Mortgage,MI,41862252,XAGH18411483842674,High School,A,Major Loss,Police,1,1,CA,Berkeley,2,AGENT01060,VNDR00548,
14-06-2020 00:00,TXN00000359,A00003819,PLC00004418,04-05-2016,09-06-2020,10-06-2020,Motor,101.29,4000,Sarah Cotto,123 Remember Baker Lane,,Hartford,VT,5001,157-58-5132,N,40,32,Y,4,H,Own,MI,16221970,NSGF84979267001622,High School,A,Major Loss,Police,1,1,CO,Arvada,9,AGENT00116,VNDR00175,
14-06-2020 00:00,TXN00000360,A00002171,PLC00003975,26-11-2012,26-05-2020,31-05-2020,Motor,121.21,7000,Christopher Larry,28250 Dickens Avenue,,Hayward,CA,94544,197-91-5337,Y,29,71,Y,3,L,Rent,MI,40772356,LWNF99512799642490,Masters,A,Minor Loss,None,1,1,AR,Fayetteville,5,AGENT00782,VNDR00499,
14-06-2020 00:00,TXN00000361,A00008500,PLC00002970,30-01-2015,06-06-2020,09-06-2020,Health,157.08,5000,Johnnie Collazo,8801 North 63rd Drive,,Glendale,AZ,85302,718-83-3519,N,42,98,Y,2,H,Own,LI,16866034,KMHC67502942433704,Masters,A,Total Loss,Ambulance,0,1,AL,Montgomery,6,AGENT00577,VNDR00109,
14-06-2020 00:00,TXN00000362,A00009345,PLC00009137,05-08-2010,30-05-2020,04-06-2020,Mobile,10.28,500,Angeline Wright,6369 West 70th Drive,,Arvada,CO,80003,031-54-0979,Y,27,82,Y,7,M,Own,HI,87426542,VPDG84329567914113,Bachelor,A,Total Loss,Ambulance,1,1,CA,Rancho Palos Verdes,0,AGENT00650,VNDR00042,
14-06-2020 00:00,TXN00000363,A00000361,PLC00006086,07-07-2013,11-06-2020,11-06-2020,Motor,126.97,5000,Dawn Rivas,13583 West 68th Avenue,,Arvada,CO,80004,815-39-1246,Y,47,41,Y,6,H,Mortgage,HI,86452009,CTQS65618818431695,Masters,A,Major Loss,Ambulance,1,0,CA,San Jose,11,AGENT00423,,
14-06-2020 00:00,TXN00000364,A00006836,PLC00002268,14-03-2017,11-06-2020,11-06-2020,Travel,56.77,5000,James Dubay,2809 Briarcliff Road,,Panama City,FL,32405,191-51-1173,N,30,18,Y,2,H,Rent,MI,63097209,UOBM85393598482175,High School,A,Minor Loss,None,1,1,MD,Annapolis,15,AGENT00434,VNDR00389,
14-06-2020 00:00,TXN00000365,A00000946,PLC00004836,21-10-2014,05-06-2020,08-06-2020,Mobile,10.66,100,Patricia Busby,1046 Dudley Avenue,,Louisville,KY,40204,270-27-0435,Y,55,72,Y,2,L,Mortgage,MI,43193767,WUXV74984723030180,MD,A,Major Loss,None,1,1,GA,Savannah,14,AGENT00409,VNDR00066,
14-06-2020 00:00,TXN00000366,A00005678,PLC00006346,08-06-2018,10-06-2020,11-06-2020,Property,159.35,25000,Jean Olson,3100 Gentilly Court,,Montgomery,AL,36116,879-59-1441,Y,28,112,Y,5,L,Own,HI,85749878,XSIK88972084368197,Bachelor,A,Total Loss,None,1,1,GA,Thunderbolt,13,AGENT00159,VNDR00443,
14-06-2020 00:00,TXN00000367,A00000595,PLC00007959,15-08-2012,10-06-2020,11-06-2020,Motor,104.23,1000,Lynda Carter,2317 Fernwood Drive,,Nashville,TN,37216,551-09-0202,N,61,97,Y,2,L,Mortgage,MI,58678727,ORIO26302912960455,Masters,A,Total Loss,None,1,1,MD,Pasadena,9,AGENT00197,VNDR00527,
14-06-2020 00:00,TXN00000368,A00002295,PLC00001634,15-05-2019,31-05-2020,05-06-2020,Mobile,7.24,300,Keith Minton,2278 North Windswept Lane,,Fayetteville,AR,72703,644-86-1535,N,49,82,Y,3,M,Own,LI,38680719,VLNM82022382859612,Masters,A,Total Loss,None,0,1,OK,Oklahoma City,5,AGENT00696,VNDR00570,
15-06-2020 00:00,TXN00000369,A00001491,PLC00008579,08-06-2016,11-06-2020,12-06-2020,Mobile,9.31,600,Victor Gorham,4000 Albemarle Street Northwest,,Washington,DC,20016,754-02-5800,Y,32,95,Y,7,M,Own,HI,124643411,NGMB72214812867792,High School,A,Minor Loss,Police,1,0,GA,Savannah,6,AGENT00198,VNDR00373,
15-06-2020 00:00,TXN00000370,A00001993,PLC00005842,01-11-2014,13-06-2020,13-06-2020,Motor,104.1,6000,Carol Ginsberg,178 Old Homestead Road,,Danville,VT,5873,490-21-8737,Y,47,101,Y,4,L,Own,LI,92958801,DUOV29132164878785,Masters,A,Minor Loss,Police,0,1,CA,Sebastopol,6,AGENT00427,VNDR00583,
15-06-2020 00:00,TXN00000371,A00008645,PLC00004838,20-12-2012,08-06-2020,10-06-2020,Life,56.91,58000,Harriet Harbin,10301 La Plaza Drive,,Louisville,KY,40272,685-19-7592,N,51,104,Y,4,M,Own,MI,19934594,PXGT50872731584011,Bachelor,A,Total Loss,Ambulance,0,1,AL,Montgomery,20,AGENT00832,VNDR00197,
15-06-2020 00:00,TXN00000372,A00008129,PLC00001045,11-06-2012,01-06-2020,06-06-2020,Health,183.36,6000,Randal Klein,7024 Johnny Mercer Boulevard,,Savannah,GA,31410,199-71-8475,Y,59,119,Y,5,M,Rent,MI,94446049,MEYE99699041448259,High School,A,Minor Loss,Ambulance,1,0,AL,Montgomery,17,AGENT00253,,
15-06-2020 00:00,TXN00000373,A00009901,PLC00008240,30-05-2013,07-06-2020,10-06-2020,Mobile,9.24,200,Virgie Tucker,5348 Main Street,,Franklin,VT,5457,588-67-6027,Y,28,107,Y,3,M,Rent,LI,53221700,UULA60214177392560,Bachelor,A,Major Loss,Ambulance,0,1,MD,Glen Burnie,19,AGENT00333,VNDR00206,
15-06-2020 00:00,TXN00000374,A00001872,PLC00003482,16-08-2010,01-06-2020,06-06-2020,Mobile,8.43,700,Robin Crawford,2325 Eastridge Circle,,Moore,OK,73160,081-38-3429,Y,49,8,Y,4,L,Rent,LI,127443197,PUSG23078324714097,Bachelor,A,Total Loss,Ambulance,0,0,GA,Savannah,23,AGENT00315,VNDR00482,
15-06-2020 00:00,TXN00000375,A00002669,PLC00001899,03-06-2015,08-06-2020,10-06-2020,Mobile,8.86,500,Amanda Tusa,620 Oakland Avenue,,Fayetteville,AR,72701,222-64-7919,N,41,33,Y,4,L,Rent,HI,97704267,HYTN97239867001262,Bachelor,A,Minor Loss,None,0,1,VT,Guildhall,12,AGENT00796,VNDR00010,
15-06-2020 00:00,TXN00000376,A00009611,PLC00003604,24-06-2018,29-05-2020,03-06-2020,Property,84.51,11000,Frances Thomas,3466 Southview Avenue,,Montgomery,AL,36111,269-01-2839,Y,40,74,Y,4,L,Mortgage,MI,103646879,VQDB59050780142770,Bachelor,A,Minor Loss,None,0,0,CA,Redding,22,AGENT00928,VNDR00398,
15-06-2020 00:00,TXN00000377,A00004912,PLC00005411,17-07-2014,31-05-2020,05-06-2020,Motor,139.24,4000,Christina Foster,9805 Meadow Vale Drive,,Louisville,KY,40242,621-63-2504,N,47,39,Y,3,L,Own,MI,87868883,WAJX38928166280311,Bachelor,A,Minor Loss,Ambulance,1,1,AL,Montgomery,1,AGENT00308,VNDR00553,
15-06-2020 00:00,TXN00000378,A00002958,PLC00009834,15-03-2014,11-06-2020,12-06-2020,Health,195.7,5000,Faye Moore,5529 East Saddleridge Drive,,Fayetteville,AR,72703,040-09-4040,Y,52,78,Y,7,M,Mortgage,HI,81436703,VZQV81944460608333,NA,A,Total Loss,Ambulance,1,1,AZ,Glendale,15,AGENT00420,,
15-06-2020 00:00,TXN00000379,A00006631,PLC00001795,20-08-2013,04-06-2020,09-06-2020,Health,135.65,10000,David Williams,6748 West San Juan Avenue,,Glendale,AZ,85303,595-30-8506,Y,60,66,Y,3,M,Own,HI,117141360,VDSM11955475769982,Bachelor,A,Total Loss,None,1,1,KY,Louisville,23,AGENT00214,VNDR00034,
15-06-2020 00:00,TXN00000380,A00004502,PLC00008044,06-02-2017,13-06-2020,13-06-2020,Travel,94.8,4000,Paul Pao,127 Andover Drive,,Savannah,GA,31405,081-88-5422,Y,53,114,Y,2,M,Rent,HI,54915264,MPIN41826406717316,College,A,Major Loss,Police,0,1,AK,Anchorage,1,AGENT01069,VNDR00543,
15-06-2020 00:00,TXN00000381,A00008948,PLC00006592,09-11-2012,12-06-2020,12-06-2020,Mobile,11.32,600,Evelyn Felix,24 Amherst Drive,,Manchester,CT,6042,401-87-8669,Y,35,96,Y,3,L,Mortgage,MI,61823909,UISP05012489178162,Bachelor,A,Major Loss,Police,1,0,VT,Westmore,19,AGENT00176,,
15-06-2020 00:00,TXN00000382,A00001829,PLC00000587,10-02-2017,07-06-2020,10-06-2020,Property,94.03,19000,Nichole Hayhurst,2236 Susitna Drive,,Anchorage,AK,99517,379-40-6734,Y,36,102,Y,6,M,Own,LI,127130659,LHTU65207424706165,NA,A,Major Loss,Ambulance,0,1,DC,Washington,16,AGENT00601,VNDR00565,
15-06-2020 00:00,TXN00000383,A00007430,PLC00006879,30-04-2013,04-06-2020,09-06-2020,Mobile,8.38,700,John Medina,65 Arcellia Drive,,Manchester,CT,6042,071-15-7440,N,46,119,Y,5,M,Rent,MI,15377689,UNFZ92316945257654,High School,A,Minor Loss,Police,1,1,AL,Montgomery,16,AGENT00553,VNDR00541,
15-06-2020 00:00,TXN00000384,A00001261,PLC00003674,20-08-2017,12-06-2020,12-06-2020,Health,193.07,15000,Mario Caruso,3905 Lyceum Avenue,,Los Angeles,CA,90066,690-10-7315,N,47,98,Y,3,M,Rent,HI,61093195,GGOI45279315921316,High School,A,Major Loss,Police,1,1,CA,Alameda,8,AGENT01192,VNDR00448,
15-06-2020 00:00,TXN00000385,A00005509,PLC00001109,24-03-2015,06-06-2020,09-06-2020,Health,141.39,12000,Scott Phillips,3500 15th Street Northeast,,Washington,DC,20017,888-87-0661,Y,36,74,Y,3,L,Own,MI,77972239,DLSC25945363763517,Bachelor,A,Minor Loss,Other,1,1,CO,Evergreen,7,AGENT00471,,
15-06-2020 00:00,TXN00000386,A00001558,PLC00008165,27-12-2017,13-06-2020,13-06-2020,Life,57.19,47000,Helen Brown,18 Hamilton Street Northwest,,Washington,DC,20011,874-12-9567,Y,37,34,Y,4,M,Mortgage,HI,21236484,OZKA04479560477966,High School,A,Total Loss,Police,1,1,CT,Manchester,17,AGENT00208,VNDR00510,
15-06-2020 00:00,TXN00000387,A00008409,PLC00000665,30-08-2018,13-06-2020,13-06-2020,Property,108.51,32000,John Hunter,1800 East 63rd Street,,Savannah,GA,31404,460-38-4493,N,30,103,Y,3,M,Mortgage,HI,71384726,ADCX79348950395762,High School,A,Major Loss,Ambulance,0,1,TN,Nashville,3,AGENT00396,VNDR00500,
15-06-2020 00:00,TXN00000388,A00008791,PLC00003092,08-12-2011,13-06-2020,13-06-2020,Health,102.47,18000,William Santiago,7851 Snow View Drive,,Anchorage,AK,99507,249-24-0310,N,37,8,Y,7,M,Mortgage,MI,85324688,PNXI51847312712988,NA,A,Total Loss,Other,0,1,MD,Severna Park,12,AGENT01041,VNDR00211,
15-06-2020 00:00,TXN00000389,A00001037,PLC00006215,11-09-2019,30-05-2020,04-06-2020,Travel,55.97,4000,Eric Riveroll,3827 West Chapman Avenue,,Orange,CA,92868,359-63-2782,Y,60,97,Y,7,M,Mortgage,LI,105933344,YGHG48343388903462,Masters,A,Major Loss,Police,0,1,VT,Barre,12,AGENT01184,VNDR00071,
15-06-2020 00:00,TXN00000390,A00005419,PLC00001083,28-03-2019,28-05-2020,02-06-2020,Motor,112.53,8000,Brandon Wilson,2577 East Wyman Road,,Fayetteville,AR,72701,288-93-4145,Y,28,17,Y,3,L,Rent,HI,91003618,LJGC51691695842043,High School,A,Total Loss,None,1,0,VT,Brookfield,9,AGENT01057,,
15-06-2020 00:00,TXN00000391,A00007251,PLC00004772,09-04-2019,14-06-2020,14-06-2020,Mobile,6.97,700,Sara Callis,238 Brookley Avenue Southwest,,Washington,DC,20373,710-37-3591,Y,52,74,Y,6,H,Own,HI,126962954,VQTB15882617107053,Bachelor,A,Minor Loss,Other,1,1,AZ,Glendale,18,AGENT00652,VNDR00306,
15-06-2020 00:00,TXN00000392,A00004444,PLC00006287,24-09-2011,29-05-2020,03-06-2020,Life,78.38,56000,Dorothy Williams,51035 Conifer Drive,,Soda Springs,CA,95728,862-99-5084,Y,62,106,Y,6,L,Rent,MI,26771465,KXGQ14621875679651,College,A,Major Loss,Ambulance,1,1,AZ,Glendale,11,AGENT01144,VNDR00556,
15-06-2020 00:00,TXN00000393,A00001464,PLC00000881,13-02-2012,29-05-2020,03-06-2020,Property,105.72,26000,Rosemary Keller,712 Southwest 1st Street,,Moore,OK,73160,114-56-7676,N,48,57,Y,5,M,Own,HI,112234764,DHHV96421318233712,Masters,A,Major Loss,Police,1,0,CA,Fremont,6,AGENT00231,VNDR00373,
15-06-2020 00:00,TXN00000394,A00001168,PLC00001674,26-09-2015,09-06-2020,11-06-2020,Motor,113.33,2000,Robert Homan,12022 Town Park Circle,,Anchorage,AK,99577,263-31-6933,N,58,6,Y,5,L,Mortgage,MI,113258121,AEOG60467314432421,High School,A,Major Loss,Ambulance,1,1,OK,Oklahoma City,15,AGENT00563,VNDR00335,
15-06-2020 00:00,TXN00000395,A00005513,PLC00007687,30-07-2017,06-06-2020,09-06-2020,Travel,97.88,2000,Jean Haught,4339 Benning Road Northeast,,Washington,DC,20019,821-06-3797,Y,56,53,Y,4,M,Rent,MI,120892868,WDTW65147506766598,Bachelor,A,Minor Loss,Ambulance,0,1,AL,Montgomery,10,AGENT01098,VNDR00287,
15-06-2020 00:00,TXN00000396,A00004933,PLC00003984,20-03-2019,10-06-2020,11-06-2020,Life,87.54,11000,Christopher Reiber,14 Huntington Street,,Manchester,CT,6040,596-49-6277,N,57,31,Y,6,L,Mortgage,MI,13579463,WVVR29487404045618,NA,A,Minor Loss,Police,1,0,KY,Louisville,4,AGENT00099,VNDR00200,
15-06-2020 00:00,TXN00000397,A00001361,PLC00002947,11-05-2015,13-06-2020,13-06-2020,Motor,78.64,9000,Wanda Chappell,15 Taft Street,,Quincy,MA,2169,063-88-9400,Y,46,23,Y,4,M,Mortgage,MI,126163847,OFOP30828084767109,Bachelor,A,Major Loss,None,1,0,OK,Edmond,14,AGENT00746,VNDR00262,
15-06-2020 00:00,TXN00000398,A00002966,PLC00007629,03-05-2015,02-06-2020,07-06-2020,Health,154.17,15000,Carlos Chary,427 Gulf View Drive,,Panama City Beach,FL,32413,333-38-3415,N,57,88,Y,3,L,Own,HI,101881762,QKVL01367717246909,Bachelor,A,Major Loss,Ambulance,1,0,MD,Gambrills,9,AGENT00938,VNDR00470,
16-06-2020 00:00,TXN00000399,A00001589,PLC00006570,15-12-2019,14-06-2020,14-06-2020,Life,81.13,67000,Ingrid Lee,17361 Baronoff Avenue,,Anchorage,AK,99577,714-20-6517,Y,55,46,Y,2,H,Mortgage,LI,121291044,VXZC96641382026813,High School,A,Minor Loss,Ambulance,0,1,CT,Manchester,21,AGENT01197,VNDR00453,
16-06-2020 00:00,TXN00000400,A00007135,PLC00002702,19-06-2014,03-06-2020,08-06-2020,Life,61.9,86000,Blanche Cleaver,9223 Elgin Circle,,Anchorage,AK,99502,149-14-0537,Y,47,119,Y,6,M,Own,MI,35966494,SKPC05003569285532,High School,A,Minor Loss,Police,0,1,CA,Fremont,3,AGENT01005,VNDR00350,
16-06-2020 00:00,TXN00000401,A00005826,PLC00001375,20-03-2015,01-06-2020,06-06-2020,Property,82.78,14000,Carmen Chavez,154 Byrd Drive,,Panama City,FL,32404,375-67-3020,Y,31,66,Y,3,L,Rent,MI,30694648,XCYQ54385491065849,NA,A,Total Loss,Other,1,0,CO,Arvada,15,AGENT00866,VNDR00042,
16-06-2020 00:00,TXN00000402,A00006409,PLC00009307,02-07-2014,11-06-2020,12-06-2020,Mobile,9.29,500,Rex Smith,7 Rose Dhu Lane,,Savannah,GA,31419,102-59-3519,Y,50,44,Y,7,M,Mortgage,MI,109546711,QTLQ67653092343676,PhD,A,Total Loss,Ambulance,0,1,GA,Savannah,10,AGENT00205,VNDR00242,
16-06-2020 00:00,TXN00000403,A00006341,PLC00007277,22-11-2015,31-05-2020,05-06-2020,Mobile,6.88,200,Jesse Douglas,1817 Beech Street,,Louisville,KY,40210,541-71-0453,Y,59,38,Y,4,L,Own,LI,21641037,SBVB74316091550775,Bachelor,A,Major Loss,Ambulance,1,1,AL,Montgomery,16,AGENT00711,VNDR00109,
16-06-2020 00:00,TXN00000404,A00001262,PLC00000361,05-04-2017,27-05-2020,01-06-2020,Life,60.94,31000,Michael Eisele,2107 Elfen Glen,Apt B,Van Buren,AR,72956,167-03-1052,Y,43,30,Y,5,H,Mortgage,HI,60066385,XQKM65354572209950,Bachelor,D,Minor Loss,Ambulance,0,1,AL,Montgomery,9,AGENT00952,,
16-06-2020 00:00,TXN00000405,A00007820,PLC00007156,26-07-2017,07-06-2020,10-06-2020,Mobile,6.74,200,Richard Giebner,1931 Beauvoir Lake Drive,,Montgomery,AL,36117,669-27-6593,Y,44,75,Y,6,M,Mortgage,MI,28054630,FORW71107492299275,College,A,Major Loss,None,0,1,OK,Oklahoma City,17,AGENT00994,,
16-06-2020 00:00,TXN00000406,A00002331,PLC00006307,28-05-2017,29-05-2020,03-06-2020,Health,172.4,19000,Ruth Reamy,404 Middle Turnpike West,,Manchester,CT,6040,844-02-9210,N,58,92,Y,3,M,Own,LI,67033081,CBQL57685453189226,Bachelor,A,Minor Loss,Police,1,1,CA,San Leandro,22,AGENT01076,VNDR00582,
16-06-2020 00:00,TXN00000407,A00000164,PLC00008349,07-04-2015,02-06-2020,07-06-2020,Property,124.37,39000,Donald Caron,310 12th Avenue,,Santa Cruz,CA,95062,230-32-0049,Y,42,19,Y,2,M,Own,HI,110042767,ZMBE43360792579318,MD,A,Minor Loss,Police,1,1,AL,Montgomery,7,AGENT00683,VNDR00229,
16-06-2020 00:00,TXN00000408,A00006258,PLC00000374,16-05-2019,05-06-2020,10-06-2020,Property,97.16,18000,Kari Evans,4216 Winter Lake Drive,,Louisville,KY,40272,647-83-5521,Y,30,66,Y,6,L,Rent,MI,52546088,ZQJG61302156180111,Bachelor,A,Total Loss,Other,0,0,CO,Pueblo,2,AGENT00718,VNDR00417,
16-06-2020 00:00,TXN00000409,A00002981,PLC00001529,09-10-2010,02-06-2020,07-06-2020,Mobile,11.33,400,Christopher Zuchowski,570 Broadway,,Lynnfield,MA,1940,687-09-7046,N,55,24,Y,2,M,Mortgage,MI,102437380,IMRE34175408347871,High School,A,Total Loss,None,1,0,CA,Hayward,4,AGENT00132,VNDR00570,
16-06-2020 00:00,TXN00000410,A00002416,PLC00002731,10-08-2012,09-06-2020,11-06-2020,Mobile,6.14,600,Jessica Thurmer,7419 West Hill Lane,,Glendale,AZ,85310,792-44-8635,Y,52,58,Y,5,M,Own,MI,129264073,TULR83186743005685,Bachelor,A,Minor Loss,None,0,1,MA,Yarmouth,6,AGENT00550,VNDR00265,
16-06-2020 00:00,TXN00000411,A00008554,PLC00005893,13-09-2010,07-06-2020,10-06-2020,Motor,91.97,2000,Melinda Scerbo,87 Horseshoe Drive,,West Windsor,VT,5037,445-05-8154,N,61,38,Y,3,M,Own,MI,78343265,VSGD33600341213219,Bachelor,A,Total Loss,Ambulance,0,1,AL,Montgomery,11,AGENT00833,VNDR00189,
16-06-2020 00:00,TXN00000412,A00009324,PLC00004171,24-02-2013,15-06-2020,15-06-2020,Mobile,9.91,500,Harry Esquer,25800 Industrial Boulevard,V,Hayward,CA,94545,361-94-1906,Y,40,58,Y,7,H,Own,LI,86895284,GBIR00937584065553,High School,A,Total Loss,Police,0,1,AL,Montgomery,11,AGENT00840,VNDR00254,
16-06-2020 00:00,TXN00000413,A00000265,PLC00004388,12-11-2013,13-06-2020,13-06-2020,Mobile,9.06,600,Robert Flamand,709 Mildred Street,,Montgomery,AL,36104,797-43-1564,Y,42,76,N,6,L,Mortgage,LI,96528020,JYCJ50293790257466,Bachelor,A,Major Loss,Ambulance,1,0,VT,Guilford,10,AGENT00762,,
16-06-2020 00:00,TXN00000414,A00003486,PLC00006559,26-12-2012,02-06-2020,07-06-2020,Health,108.02,15000,Robert Stoute,2057 Lucas Street,,Montgomery,AL,36107,014-68-8004,Y,28,91,Y,7,L,Rent,MI,11004697,TPTC11052076183712,Bachelor,A,Major Loss,Other,0,0,MD,Severn,13,AGENT00529,VNDR00537,
16-06-2020 00:00,TXN00000415,A00003620,PLC00006226,16-11-2019,15-06-2020,15-06-2020,Motor,133.72,9000,Jan Huntley,928 Wright Avenue,#UNIT 505,Mountain View,CA,94043,265-45-7648,N,54,89,Y,6,M,Mortgage,MI,102579743,FLOK48308372504330,High School,A,Major Loss,Ambulance,1,1,FL,Panama City,17,AGENT01086,VNDR00586,
16-06-2020 00:00,TXN00000416,A00006219,PLC00002890,18-09-2017,27-05-2020,01-06-2020,Travel,52.67,4000,Jeremy Phillips,2829 Cambridge Court,,Oklahoma City,OK,73116,396-13-3792,Y,47,84,Y,2,M,Rent,MI,80721477,JUUU86381512018733,Bachelor,A,Major Loss,Ambulance,1,1,TN,Nashville,22,AGENT00907,VNDR00209,
16-06-2020 00:00,TXN00000417,A00000862,PLC00003038,02-05-2016,11-06-2020,12-06-2020,Mobile,8.59,100,Kathleen Joubert,18 Densmore Drive,,Essex,VT,5452,490-94-5274,N,52,94,Y,7,M,Rent,LI,84826967,VYYJ69116259728260,Bachelor,A,Major Loss,Police,1,1,TN,Nashville,3,AGENT00262,VNDR00336,
16-06-2020 00:00,TXN00000418,A00005170,PLC00003109,07-10-2011,28-05-2020,02-06-2020,Travel,60.08,1000,Kathleen Morales,2162 Mulberry Hill Road,,Annapolis,MD,21409,603-44-4101,Y,44,82,Y,2,L,Mortgage,HI,87023204,ZYWN01249471793535,NA,A,Minor Loss,Police,0,1,CA,Orange,15,AGENT01124,,
16-06-2020 00:00,TXN00000419,A00008325,PLC00007279,08-02-2014,15-06-2020,15-06-2020,Life,75.45,74000,Shirley Cobb,5 Westlund Avenue,,Auburn,MA,1501,048-82-5642,Y,63,95,Y,4,L,Own,MI,13119823,UJDQ01614464511865,High School,A,Minor Loss,None,1,0,MD,Pasadena,16,AGENT00313,VNDR00275,
16-06-2020 00:00,TXN00000420,A00008078,PLC00009482,05-09-2012,30-05-2020,04-06-2020,Motor,91.89,6000,Jerry Patterson,81 Seaton Place Northwest,,Washington,DC,20001,153-63-1963,N,33,118,Y,7,M,Mortgage,MI,40878603,XWPJ93784601962427,Bachelor,A,Total Loss,Ambulance,0,1,CA,Livermore,20,AGENT00707,VNDR00307,
16-06-2020 00:00,TXN00000421,A00000369,PLC00000836,10-06-2018,06-06-2020,09-06-2020,Health,103.4,2000,Meridith Hoag,2355 Pearl Point,#5?,Fayetteville,AR,72701,350-09-4220,Y,32,7,Y,3,L,Own,MI,43260315,EDOP28493702056183,College,D,Major Loss,Police,1,1,DC,Washington,16,AGENT00799,,
16-06-2020 00:00,TXN00000422,A00006036,PLC00005177,12-06-2013,30-05-2020,04-06-2020,Mobile,9.01,400,Timothy Kelso,93 Hamlin Street,,Manchester,CT,6040,098-78-4603,Y,54,103,Y,3,L,Own,MI,91302063,OMUA57607844105109,High School,A,Total Loss,None,1,1,VT,Mount Tabor,12,AGENT00068,,
16-06-2020 00:00,TXN00000423,A00009813,PLC00005772,22-03-2011,27-05-2020,01-06-2020,Life,75.68,86000,Joel Green,1244 South 4th Street,#211,Louisville,KY,40203,200-79-5928,Y,56,88,Y,4,H,Rent,MI,63387333,NFQM53526390338610,Bachelor,A,Total Loss,Police,1,0,FL,Panama City,5,AGENT00123,VNDR00138,
16-06-2020 00:00,TXN00000424,A00002605,PLC00005682,29-08-2019,04-06-2020,09-06-2020,Property,85.89,20000,Robert Tatum,5601 West Missouri Avenue,#165,Glendale,AZ,85301,714-36-1959,N,58,18,N,4,M,Rent,HI,18411649,TSUX83771855902575,Bachelor,A,Major Loss,Police,1,1,FL,Youngstown,4,AGENT01102,,
17-06-2020 00:00,TXN00000425,A00001501,PLC00007172,21-09-2019,12-06-2020,13-06-2020,Life,65.96,99000,Preston Chatman,3323 Summerhill Drive,,Fayetteville,AR,72703,324-50-2841,Y,44,75,Y,7,M,Own,LI,111832798,JUUK28871354029554,PhD,A,Total Loss,Police,1,1,TN,Nashville,8,AGENT00875,,
17-06-2020 00:00,TXN00000426,A00009851,PLC00005491,19-09-2017,07-06-2020,10-06-2020,Motor,116.49,8000,Ian Pew,77 Weaver Road,,Manchester,CT,6042,289-98-7359,Y,54,37,Y,2,M,Own,LI,123657741,FYOQ07452132346223,Bachelor,A,Major Loss,Ambulance,1,1,MA,Revere,19,AGENT00344,,
17-06-2020 00:00,TXN00000427,A00005245,PLC00004915,26-11-2011,12-06-2020,13-06-2020,Travel,50.11,3000,Janis Seay,159 Downey Drive,A,Manchester,CT,6040,578-12-6488,Y,53,101,Y,4,M,Mortgage,MI,47059399,BQGV30341433972084,High School,A,Total Loss,Police,1,0,TN,Nashville,12,AGENT00109,VNDR00593,
17-06-2020 00:00,TXN00000428,A00007332,PLC00001128,24-07-2013,11-06-2020,13-06-2020,Property,141.35,30000,Mary Smith,1602 East 14th Court,,Lynn Haven,FL,32444,049-77-5605,N,59,48,Y,7,M,Rent,HI,24147172,JNYA85357544029013,College,A,Minor Loss,Ambulance,1,0,VT,,15,AGENT00067,VNDR00427,
17-06-2020 00:00,TXN00000429,A00006969,PLC00009822,26-01-2019,02-06-2020,07-06-2020,Travel,83.47,2000,Margaret Chen,2515 60th Avenue,,Oakland,CA,94605,032-56-7864,N,33,116,Y,5,M,Rent,LI,64113548,ISBN65586334594211,Bachelor,A,Total Loss,Ambulance,1,1,OK,Oklahoma City,14,AGENT00293,VNDR00404,
17-06-2020 00:00,TXN00000430,A00002774,PLC00007581,08-01-2020,15-06-2020,15-06-2020,Life,66.06,52000,Diane Ashford,28 Wayne Avenue,,Waltham,MA,2453,197-13-1223,Y,29,77,Y,4,H,Mortgage,LI,117848524,ISPU34111217283354,Bachelor,A,Minor Loss,None,0,1,GA,Savannah,23,AGENT00044,,
17-06-2020 00:00,TXN00000431,A00004658,PLC00000638,11-12-2011,11-06-2020,13-06-2020,Travel,85.53,1000,Samuel Haynes,416 South University Boulevard,,Norman,OK,73069,652-65-3993,Y,46,11,Y,6,M,Rent,MI,124496338,YBTI37095398501680,College,A,Minor Loss,None,1,0,MA,Watertown,9,AGENT01019,,
17-06-2020 00:00,TXN00000432,A00007883,PLC00002932,05-06-2019,29-05-2020,03-06-2020,Mobile,8.8,400,William Root,833 50th Place Northeast,,Washington,DC,20019,203-18-5598,N,55,96,Y,3,M,Rent,MI,11570040,UBRM30595774733659,High School,A,Total Loss,Other,0,0,CA,Oakland,5,AGENT01055,,
17-06-2020 00:00,TXN00000433,A00000764,PLC00002252,18-11-2017,12-06-2020,13-06-2020,Travel,64.4,2000,James Clay,30 Tanner Street,,Manchester,CT,6042,327-68-7423,Y,64,17,Y,5,H,Own,LI,99266884,BLAF69678291926569,High School,A,Total Loss,Ambulance,0,0,GA,Savannah,7,AGENT00062,,
17-06-2020 00:00,TXN00000434,A00004710,PLC00000539,23-12-2010,05-06-2020,10-06-2020,Health,109.65,18000,Erik Hester,8277 Lamar Place,,Arvada,CO,80003,103-99-0195,Y,32,94,Y,6,M,Mortgage,MI,18469219,JCVB25790554105847,College,A,Major Loss,Other,0,1,OK,Edmond,5,AGENT00765,VNDR00323,
17-06-2020 00:00,TXN00000435,A00000274,PLC00009030,02-07-2014,16-06-2020,16-06-2020,Motor,77.08,7000,Greg Davis,2732 Humboldt Avenue,,Oakland,CA,94602,284-82-2317,N,58,52,Y,2,M,Rent,HI,46952439,OFTU99226309760450,Bachelor,A,Minor Loss,Ambulance,1,1,AK,Anchorage,17,AGENT00079,,
17-06-2020 00:00,TXN00000436,A00009965,PLC00008402,14-01-2014,16-06-2020,16-06-2020,Life,63.29,68000,Tabitha Moreno,1701 18th Avenue South,,Nashville,TN,37212,079-90-1783,Y,32,105,Y,6,L,Own,MI,70246331,KMQJ68090659473951,Bachelor,A,Total Loss,None,1,1,TN,Nashville,1,AGENT00767,VNDR00310,
17-06-2020 00:00,TXN00000437,A00000716,PLC00008934,05-06-2019,09-06-2020,12-06-2020,Property,81.68,25000,Isabel Imai,210 Depot Street,,Woodford,VT,5201,121-54-4804,Y,51,106,Y,7,M,Mortgage,MI,19176187,ZQVI73872572820741,College,A,Minor Loss,Ambulance,0,0,AR,Fayetteville,19,AGENT00254,VNDR00432,
17-06-2020 00:00,TXN00000438,A00007084,PLC00005907,28-09-2017,09-06-2020,12-06-2020,Travel,95.12,2000,Barbara Harness,8351 Forest Drive,,Pasadena,MD,21122,727-18-2597,N,62,23,Y,4,M,Own,MI,109144155,ZRKC57200804183340,Bachelor,A,Total Loss,Ambulance,1,1,MD,Crofton,4,AGENT00148,VNDR00104,
17-06-2020 00:00,TXN00000439,A00002883,PLC00004459,31-10-2013,06-06-2020,11-06-2020,Health,103.64,7000,Robert Desatnik,112 Joyner Avenue,,Nashville,TN,37210,011-45-3226,Y,41,119,Y,3,L,Mortgage,MI,26488965,CKIF97313442226310,Bachelor,A,Total Loss,Police,1,1,TN,Nashville,6,AGENT00140,VNDR00109,
17-06-2020 00:00,TXN00000440,A00001963,PLC00003830,25-10-2016,29-05-2020,03-06-2020,Mobile,7.69,400,Rebecca Haney,8216 West Citrus Way,,Glendale,AZ,85303,276-07-7885,Y,27,71,Y,3,L,Mortgage,MI,26729585,JPHI38654040340004,College,A,Minor Loss,Other,0,1,MD,Annapolis,9,AGENT00741,VNDR00314,
17-06-2020 00:00,TXN00000441,A00009895,PLC00007222,04-08-2016,04-06-2020,09-06-2020,Life,94.52,37000,Alexander Dinkens,5581 Nolan Street,,Arvada,CO,80002,446-25-7093,N,54,113,Y,6,M,Own,LI,62739034,DNCM83736029419894,Bachelor,A,Minor Loss,Police,0,1,MD,Edgewater,10,AGENT00022,VNDR00519,
17-06-2020 00:00,TXN00000442,A00008860,PLC00009457,26-11-2012,11-06-2020,13-06-2020,Property,85.13,38000,David Johnson,803 18th Avenue South,,Nashville,TN,37203,608-49-0295,Y,60,56,Y,2,H,Mortgage,HI,107465425,EUHM26802536673330,High School,A,Total Loss,Other,0,1,TN,Nashville,15,AGENT00451,,
17-06-2020 00:00,TXN00000443,A00000160,PLC00000700,26-03-2019,28-05-2020,02-06-2020,Motor,130.07,5000,Philip Yockey,33300 Mission Boulevard,#APT 174,Union City,CA,94587,745-15-6399,Y,54,50,Y,3,L,Mortgage,MI,85689284,KXPB89077391257032,Masters,A,Minor Loss,None,1,0,CA,Ione,9,AGENT00843,VNDR00461,
17-06-2020 00:00,TXN00000444,A00002407,PLC00003301,21-04-2015,15-06-2020,15-06-2020,Life,92.89,43000,Erin Abreu,3027 Badger Drive,,Pleasanton,CA,94566,661-89-8411,Y,40,34,Y,6,H,Rent,MI,66705488,IHDD05928279966964,High School,A,Major Loss,None,1,0,FL,Beverly Hills,7,AGENT00432,VNDR00045,
17-06-2020 00:00,TXN00000445,A00009114,PLC00000450,23-07-2016,13-06-2020,14-06-2020,Health,143.83,20000,Ramonita Nunez,1217 Cottondale Road,,Montgomery,AL,36109,417-67-1092,Y,48,29,Y,2,H,Own,MI,30189470,YCLF58529837414102,Bachelor,D,Major Loss,Police,1,1,AR,Fayetteville,22,AGENT01117,VNDR00408,
17-06-2020 00:00,TXN00000446,A00004624,PLC00008314,15-10-2018,03-06-2020,08-06-2020,Health,189.2,14000,Jeffrey Benner,780 South Wilmington Avenue,#107,Fayetteville,AR,72701,635-73-4442,Y,57,8,N,5,M,Mortgage,MI,101393425,TKBK97848571375270,High School,A,Major Loss,None,0,1,OK,Oklahoma City,10,AGENT00429,VNDR00280,
17-06-2020 00:00,TXN00000447,A00008629,PLC00002046,18-04-2012,06-06-2020,11-06-2020,Health,143.39,9000,Donald Rieck,2200 East Victory Drive,#36,Savannah,GA,31404,667-25-1189,Y,57,75,Y,4,M,Own,LI,125663131,SVGI38809847704664,NA,A,Major Loss,Ambulance,1,0,DC,Washington,21,AGENT00311,,
17-06-2020 00:00,TXN00000448,A00003725,PLC00007858,16-07-2016,09-06-2020,12-06-2020,Mobile,9.87,300,Robert Canady,73 Twin Hills Drive,,Longmeadow,MA,1106,019-75-6178,N,33,40,Y,6,L,Own,HI,83467136,VQGO42700756401918,Bachelor,A,Minor Loss,None,1,1,AR,Fayetteville,2,AGENT00111,,
17-06-2020 00:00,TXN00000449,A00002170,PLC00007881,27-10-2015,07-06-2020,10-06-2020,Travel,67.48,3000,Rachel Burnett,16910 Alpine Drive,,Pioneer,CA,95666,864-82-1239,Y,45,31,Y,7,L,Rent,MI,97934600,SJIR13250734832175,High School,A,Minor Loss,Ambulance,0,1,AR,Fayetteville,2,AGENT00207,VNDR00185,
17-06-2020 00:00,TXN00000450,A00004718,PLC00007945,31-07-2012,08-06-2020,11-06-2020,Travel,88.11,3000,Margie Welch,21 Soling Avenue,,Savannah,GA,31419,125-45-5277,Y,34,30,Y,7,M,Own,MI,69259164,MKPJ32312552872217,PhD,A,Minor Loss,Ambulance,1,1,MD,Annapolis,5,AGENT00823,VNDR00296,
17-06-2020 00:00,TXN00000451,A00009778,PLC00005728,25-11-2017,05-06-2020,10-06-2020,Life,53.24,33000,John Stone,2313 Mansfield Avenue,,Del City,OK,73115,606-32-6053,Y,36,79,Y,4,M,Own,MI,13834674,UAEE68631450548630,Masters,A,Minor Loss,None,1,1,AK,Anchorage,8,AGENT00692,VNDR00488,
17-06-2020 00:00,TXN00000452,A00000545,PLC00002749,07-12-2015,03-06-2020,08-06-2020,Motor,99.6,4000,Judy Greigo,3511 Oakland Zion Road,,Fayetteville,AR,72703,571-97-0773,N,35,36,Y,2,L,Own,MI,107986069,ZTAM08572278493669,Bachelor,D,Total Loss,None,0,0,OK,Oklahoma City,5,AGENT01187,VNDR00479,
17-06-2020 00:00,TXN00000453,A00005933,PLC00008343,31-07-2016,05-06-2020,10-06-2020,Health,103.05,14000,Kimberly Lesh,2223 North Fernwood Court,,Savannah,GA,31404,015-36-4360,Y,33,87,Y,3,L,Rent,HI,100009260,DOXB60493905751749,High School,A,Total Loss,Police,1,0,TN,Nashville,2,AGENT00890,,
17-06-2020 00:00,TXN00000454,A00004993,PLC00000104,11-11-2011,07-06-2020,10-06-2020,Mobile,8.45,300,Misty Tagaban,856 Milton Street,,Oakland,CA,94607,848-69-8218,Y,64,62,Y,4,L,Mortgage,MI,102653342,NRBZ01711986590076,Bachelor,A,Major Loss,Police,0,1,OK,Bethany,10,AGENT00032,VNDR00301,
18-06-2020 00:00,TXN00000455,A00009586,PLC00006121,30-11-2019,07-06-2020,12-06-2020,Travel,81.88,3000,Jerome Hall,117 Adelaide Road,,Manchester,CT,6040,127-13-6228,Y,61,15,Y,7,L,Rent,LI,76884014,VOCU94850482137780,Bachelor,A,Total Loss,Other,0,1,TN,Nashville,8,AGENT00107,VNDR00123,
18-06-2020 00:00,TXN00000456,A00001467,PLC00004347,10-06-2012,29-05-2020,03-06-2020,Motor,120.59,8000,Denise Mackenzie,2927 Martin Luther King Junior Avenue Southeast,,Washington,DC,20020,821-46-8442,Y,62,66,Y,2,L,Mortgage,HI,129382748,DHNY59163491250738,Bachelor,A,Total Loss,None,1,1,GA,Savannah,20,AGENT00466,VNDR00167,
18-06-2020 00:00,TXN00000457,A00002721,PLC00008721,07-09-2017,03-06-2020,08-06-2020,Health,167.32,1000,Gary Green,10222 Pine Glen Circle,,Louisville,KY,40291,163-87-7245,Y,51,68,Y,7,M,Own,MI,72663226,ULGF55685955136908,Bachelor,A,Minor Loss,Police,0,1,CA,Alameda,5,AGENT01199,VNDR00115,
18-06-2020 00:00,TXN00000458,A00009630,PLC00009616,26-05-2019,07-06-2020,12-06-2020,Health,102.2,14000,David Schmid,712 Parkside Place Northeast,,Washington,DC,20019,843-10-7272,Y,47,44,Y,5,M,Own,MI,91050315,LHSO36854985577767,Bachelor,D,Total Loss,Ambulance,0,1,MD,Annapolis,12,AGENT00101,VNDR00523,
18-06-2020 00:00,TXN00000459,A00006048,PLC00003484,08-12-2012,31-05-2020,05-06-2020,Property,106.82,37000,Betty Jones,4510 Eastern Avenue Northeast,,Washington,DC,20018,283-33-8539,Y,44,64,Y,5,L,Rent,MI,38311839,HQYC41023207194719,PhD,A,Total Loss,Ambulance,0,1,AK,Anchorage,10,AGENT01057,VNDR00018,
18-06-2020 00:00,TXN00000460,A00005153,PLC00005943,04-07-2017,29-05-2020,03-06-2020,Life,71.72,92000,Robert Book,2620 West 33rd Avenue,APT B,Anchorage,AK,99517,651-75-4612,Y,40,111,Y,3,L,Rent,HI,42037659,XFAZ18055688946258,High School,A,Minor Loss,Other,0,1,DC,Washington,15,AGENT00516,,
18-06-2020 00:00,TXN00000461,A00009624,PLC00004978,30-09-2011,12-06-2020,14-06-2020,Life,59.24,50000,Darryl Ruddy,7090 West 64th Avenue,,Arvada,CO,80003,143-83-2028,N,48,53,Y,2,M,Mortgage,MI,42577274,AEOC80653286828505,Bachelor,A,Major Loss,None,0,1,AZ,Glendale,0,AGENT00528,VNDR00591,
18-06-2020 00:00,TXN00000462,A00007248,PLC00003794,07-06-2014,15-06-2020,15-06-2020,Travel,65.88,1000,Karen Combs,512 North Center Avenue,,Panama City,FL,32401,015-44-3654,N,59,29,Y,5,L,Mortgage,MI,65836552,TFSV08402222972352,Bachelor,A,Minor Loss,None,1,0,GA,Calhoun,16,AGENT00665,VNDR00278,
18-06-2020 00:00,TXN00000463,A00007415,PLC00009619,14-01-2018,11-06-2020,13-06-2020,Motor,135.75,8000,Sol Howard,89 Augusta Drive,#12,Fayetteville,AR,72703,202-95-4541,Y,61,79,Y,2,M,Own,MI,121509367,HENN23006108320040,Bachelor,A,Major Loss,Ambulance,1,1,KY,Louisville,9,AGENT00822,VNDR00410,
18-06-2020 00:00,TXN00000464,A00009234,PLC00008533,07-09-2016,05-06-2020,10-06-2020,Mobile,6.65,500,James Witzke,5514 West Altadena Avenue,,Glendale,AZ,85304,727-64-9816,N,57,99,Y,3,M,Mortgage,HI,81670792,FMTI67847183896687,PhD,A,Minor Loss,Police,1,1,FL,Beverly Hills,0,AGENT00011,,
18-06-2020 00:00,TXN00000465,A00008118,PLC00008787,16-09-2017,04-06-2020,09-06-2020,Health,136.09,3000,Roger Dodson,1718 Underwood Road,,Gambrills,MD,21054,249-15-7013,Y,41,9,N,6,H,Own,MI,97074366,QCPW44737090252474,College,A,Major Loss,Police,1,1,GA,Pooler,0,AGENT00436,VNDR00593,
18-06-2020 00:00,TXN00000466,A00002568,PLC00003213,01-07-2018,01-06-2020,06-06-2020,Travel,87.99,2000,George Newman,2732 Humboldt Avenue,,Oakland,CA,94602,738-18-8034,Y,50,116,Y,6,L,Mortgage,MI,119165250,TNPF18101317728908,High School,A,Major Loss,Ambulance,1,1,DC,Washington,2,AGENT01058,VNDR00185,
18-06-2020 00:00,TXN00000467,A00003475,PLC00000664,29-03-2011,14-06-2020,15-06-2020,Property,123.39,35000,Marilyn Egan,3142 West Finger Road,,Fayetteville,AR,72701,086-27-6741,N,39,76,Y,7,H,Mortgage,MI,117766017,IKZX45769369576930,Bachelor,A,Minor Loss,Police,0,0,DC,Washington,21,AGENT00334,VNDR00524,
18-06-2020 00:00,TXN00000468,A00008191,PLC00000172,10-08-2014,17-06-2020,17-06-2020,Motor,132.19,4000,Richard Mages,6932 West Montebello Avenue,,Glendale,AZ,85303,192-61-1962,Y,45,6,Y,3,H,Own,HI,97079565,ZRNJ48276945913235,MD,A,Total Loss,Ambulance,1,1,OK,Oklahoma City,22,AGENT00768,VNDR00150,
18-06-2020 00:00,TXN00000469,A00008983,PLC00004799,20-09-2015,31-05-2020,05-06-2020,Motor,122.41,2000,Milton Wisniewski,2317 Fernwood Drive,,Nashville,TN,37216,771-70-2710,Y,59,116,Y,2,L,Rent,LI,83487828,OWCE20846641563646,Bachelor,A,Minor Loss,Ambulance,1,1,CT,Manchester,12,AGENT00342,VNDR00170,
18-06-2020 00:00,TXN00000470,A00006037,PLC00008848,10-02-2019,12-06-2020,14-06-2020,Travel,72.35,1000,Charlotte Wilson,6 Greenleaf Drive,A,Merrimac,MA,1860,641-84-6475,Y,63,55,Y,3,L,Rent,HI,111105234,TFAJ43209125030795,High School,A,Total Loss,None,1,1,VT,,23,AGENT00429,VNDR00503,
18-06-2020 00:00,TXN00000471,A00007435,PLC00004533,11-08-2011,03-06-2020,08-06-2020,Property,82.87,26000,Kimberly Harder,17433 Teklanika Drive,,Anchorage,AK,99577,535-08-2219,N,29,119,Y,7,M,Mortgage,HI,69072846,BZEL48994821677312,High School,A,Minor Loss,Police,0,1,CA,Hanford,23,AGENT00649,VNDR00383,
18-06-2020 00:00,TXN00000472,A00001023,PLC00007554,20-02-2016,15-06-2020,15-06-2020,Motor,80.18,10000,Linda Kincaid,1123 Ardee Avenue,,Nashville,TN,37216,550-35-6488,Y,63,62,Y,4,L,Rent,MI,58716582,LWDX90360009503356,Bachelor,A,Total Loss,None,1,0,AK,Anchorage,14,AGENT00989,VNDR00090,
18-06-2020 00:00,TXN00000473,A00004706,PLC00008324,04-09-2016,14-06-2020,15-06-2020,Travel,95.51,5000,Alicia Soares,324 East Drive,,Montgomery,AL,36113,345-89-8485,Y,63,46,Y,6,L,Mortgage,MI,108235641,JZUL13865879155113,Masters,A,Major Loss,Ambulance,1,1,MD,Millersville,6,AGENT00453,VNDR00190,
18-06-2020 00:00,TXN00000474,A00009418,PLC00007069,25-06-2017,14-06-2020,15-06-2020,Life,75.95,83000,Sonia Holland,5309 Darling Hill Road,,Burke,VT,5871,710-86-0061,Y,44,80,Y,5,M,Rent,LI,72195406,OFNN30751485681655,PhD,A,Major Loss,None,0,1,AL,Montgomery,5,AGENT00433,VNDR00167,
18-06-2020 00:00,TXN00000475,A00004268,PLC00003783,02-03-2019,05-06-2020,10-06-2020,Life,76.88,53000,Jackie Maness,10129 Spring Gate Drive,,Louisville,KY,40241,170-07-5604,Y,50,119,Y,4,M,Mortgage,LI,59592789,WXKB15652829581262,Bachelor,A,Major Loss,Ambulance,1,1,AZ,Glendale,13,AGENT00986,VNDR00249,
18-06-2020 00:00,TXN00000476,A00007778,PLC00009926,27-08-2011,11-06-2020,13-06-2020,Motor,138.39,8000,Jennifer Townsend,1711 Lore Road,#APT 000106,Anchorage,AK,99507,287-18-7493,N,35,73,N,2,M,Mortgage,LI,46137050,ZEOJ40771684521269,High School,A,Minor Loss,Other,1,1,KY,Louisville,2,AGENT00472,,
18-06-2020 00:00,TXN00000477,A00002528,PLC00004774,12-09-2010,17-06-2020,17-06-2020,Motor,80.2,4000,Brent Molter,6385 Oak Street,#101,Arvada,CO,80004,841-13-2986,Y,57,38,Y,5,H,Mortgage,LI,106932056,RGCC04780855748397,Masters,A,Major Loss,Police,1,1,AR,Fayetteville,15,AGENT00565,VNDR00447,
18-06-2020 00:00,TXN00000478,A00001799,PLC00002320,26-01-2015,05-06-2020,10-06-2020,Motor,76.06,2000,Marie Huston,15 Lakewood Drive,,Thunderbolt,GA,31410,171-86-2168,Y,61,42,Y,7,L,Rent,MI,54509845,PYJO13310540698744,MD,A,Total Loss,Ambulance,1,1,AL,Montgomery,13,AGENT00250,,
19-06-2020 00:00,TXN00000479,A00003263,PLC00009140,26-09-2013,30-05-2020,04-06-2020,Motor,134.71,6000,David Reed,109 East 64th Street,,Savannah,GA,31405,023-54-5341,Y,45,100,Y,7,M,Rent,MI,62900481,YSYH14663166503873,Bachelor,A,Total Loss,Police,1,0,CO,Greeley,1,AGENT00030,VNDR00238,
19-06-2020 00:00,TXN00000480,A00009940,PLC00002753,14-02-2016,11-06-2020,14-06-2020,Travel,82.04,2000,Jerrod Pundt,185 Longview Road,,West Tisbury,MA,2568,569-68-8166,N,39,11,Y,7,M,Rent,HI,19739650,AZHO52611880206831,High School,A,Minor Loss,Other,1,1,AZ,Glendale,8,AGENT00773,VNDR00412,
19-06-2020 00:00,TXN00000481,A00000323,PLC00009968,11-05-2012,12-06-2020,14-06-2020,Property,130.93,18000,Sylvester Ramirez,1804 Calhoun Avenue,,Panama City,FL,32405,317-55-2207,Y,34,71,Y,3,L,Mortgage,MI,81293153,RHHJ51478452028331,Bachelor,A,Total Loss,Ambulance,1,1,AR,Fayetteville,20,AGENT00798,VNDR00151,
19-06-2020 00:00,TXN00000482,A00005845,PLC00006110,14-11-2011,08-06-2020,13-06-2020,Life,65.93,12000,Karen Clark,74 Springfield Street,B,Agawam,MA,1001,159-01-5095,N,40,13,Y,4,H,Mortgage,HI,104097320,TLKH45472881942669,Bachelor,A,Major Loss,None,1,1,MA,North Reading,6,AGENT01048,VNDR00054,
19-06-2020 00:00,TXN00000483,A00009858,PLC00001478,28-05-2018,16-06-2020,16-06-2020,Life,81.59,20000,Christina Petty,2500 Medallion Drive,#APT 148,Union City,CA,94587,123-27-9307,Y,62,91,Y,5,M,Mortgage,HI,79408125,ZOXA58674574376667,PhD,A,Total Loss,Other,1,1,OK,Oklahoma City,8,AGENT00521,VNDR00258,
19-06-2020 00:00,TXN00000484,A00001026,PLC00005766,24-12-2014,18-06-2020,18-06-2020,Motor,98.63,8000,Claire Zamora,153 Atlantic Avenue,#6,Salisbury,MA,1952,440-13-2152,Y,38,68,Y,7,M,Own,MI,88554992,OTCI16650126120067,Bachelor,A,Total Loss,Police,0,1,CA,Hayward,4,AGENT00761,,
19-06-2020 00:00,TXN00000485,A00003117,PLC00004330,28-12-2017,10-06-2020,13-06-2020,Mobile,8.47,400,Douglas Hall,410 Fairlea Drive,,Edgewater,MD,21037,006-43-4889,Y,54,51,Y,7,M,Own,MI,82776802,CNUR59535657278231,College,A,Total Loss,Ambulance,1,0,CO,Arvada,12,AGENT00069,VNDR00370,
19-06-2020 00:00,TXN00000486,A00008201,PLC00006143,16-12-2012,04-06-2020,09-06-2020,Mobile,6.53,600,Virginia Mccann,98 Lee Drive,,Annapolis,MD,21403,789-17-0272,N,26,119,Y,2,L,Own,HI,119193662,EKJP04464673787726,Bachelor,A,Minor Loss,None,1,1,FL,Panama City,10,AGENT00509,VNDR00258,
19-06-2020 00:00,TXN00000487,A00003747,PLC00005726,19-12-2015,31-05-2020,05-06-2020,Mobile,7.98,200,Rachel Flowers,357 Chaplin Street Southeast,,Washington,DC,20019,320-68-0049,Y,55,67,Y,7,M,Mortgage,MI,82937382,BYXK91532643383624,High School,A,Major Loss,Police,0,1,OK,Midwest City,14,AGENT00761,,
19-06-2020 00:00,TXN00000488,A00004469,PLC00008088,28-07-2018,11-06-2020,14-06-2020,Property,138.02,22000,Jeniffer Dyson,262 Mitchell Street,,Groton,CT,6340,827-47-9851,Y,59,26,Y,3,L,Rent,HI,104473300,SDBL56292104686305,Bachelor,A,Minor Loss,None,1,1,DC,Washington,4,AGENT00668,VNDR00457,
19-06-2020 00:00,TXN00000489,A00000666,PLC00007109,15-12-2011,02-06-2020,07-06-2020,Motor,123.56,1000,Carrie Burwell,1015 Castle Road,,Edmond,OK,73034,738-32-3834,Y,37,67,Y,2,H,Mortgage,MI,118116271,HYJX80239424420712,College,D,Major Loss,Ambulance,0,0,CT,Manchester,5,AGENT00024,VNDR00200,
19-06-2020 00:00,TXN00000490,A00007897,PLC00004751,14-10-2010,08-06-2020,13-06-2020,Motor,128.58,9000,George Davis,840 Inglewood Drive,,West Sacramento,CA,95605,529-29-9192,N,38,108,Y,4,H,Own,HI,29231119,ZDQP51297685437917,Bachelor,A,Major Loss,Police,0,1,AL,Montgomery,23,AGENT00545,VNDR00486,
19-06-2020 00:00,TXN00000491,A00000004,PLC00003596,16-12-2018,03-06-2020,08-06-2020,Health,122.21,12000,Norma Manning,3701 Lake Towne Drive,,Nashville,TN,37013,650-65-7274,N,34,10,Y,5,H,Rent,LI,103596246,HAJP34291129864764,Bachelor,A,Major Loss,Ambulance,1,0,CA,Fremont,2,AGENT00777,VNDR00265,
19-06-2020 00:00,TXN00000492,A00003942,PLC00003135,11-04-2011,17-06-2020,17-06-2020,Mobile,7.85,500,John Brown,1254 Muldoon Road,,Anchorage,AK,99504,250-03-5556,N,60,41,Y,3,M,Mortgage,LI,120402122,XJZV78091077971658,NA,A,Major Loss,Police,1,0,CA,San Leandro,21,AGENT00168,VNDR00474,
19-06-2020 00:00,TXN00000493,A00005590,PLC00001253,17-06-2019,01-06-2020,06-06-2020,Property,137.09,27000,Christie Anderson,712 Parkside Place Northeast,,Washington,DC,20019,540-73-8553,Y,43,46,Y,4,L,Own,HI,65125179,NNPE13007253896521,Bachelor,A,Total Loss,Police,1,0,MA,Lynn,17,AGENT00769,VNDR00313,
19-06-2020 00:00,TXN00000494,A00005427,PLC00003322,12-03-2015,31-05-2020,05-06-2020,Mobile,11.96,500,Russell Brogan,13116 West Palo Verde Drive,,Litchfield Park,AZ,85340,460-27-7415,Y,40,110,Y,7,M,Own,MI,100684397,TEBB19545639369036,Masters,A,Total Loss,Ambulance,1,1,CO,Arvada,1,AGENT01030,VNDR00076,
19-06-2020 00:00,TXN00000495,A00004647,PLC00009154,30-04-2018,13-06-2020,15-06-2020,Life,79.46,45000,Martha Varos,714 East 33rd Street,,Savannah,GA,31401,427-80-2388,Y,60,26,Y,4,H,Rent,MI,44262118,MWON14954061513510,Bachelor,A,Total Loss,Ambulance,1,1,AL,Montgomery,16,AGENT01009,VNDR00416,
19-06-2020 00:00,TXN00000496,A00007779,PLC00000715,03-03-2019,05-06-2020,10-06-2020,Property,80.66,13000,Gregory Taylor,52 Oleary Drive,,Manchester,CT,6040,394-54-8557,Y,30,83,Y,5,L,Rent,LI,53052089,XKLN96954456180968,PhD,A,Major Loss,None,1,1,OK,Norman,8,AGENT00920,VNDR00383,
19-06-2020 00:00,TXN00000497,A00009560,PLC00002085,16-12-2010,31-05-2020,05-06-2020,Mobile,9.96,100,Gustavo Krueger,1612 Whitemarsh Way,#54,Savannah,GA,31410,778-19-3436,Y,30,28,Y,5,M,Mortgage,MI,82081513,JXPZ88876021746704,Bachelor,A,Major Loss,Police,1,0,TN,Nashville,15,AGENT00170,,
19-06-2020 00:00,TXN00000498,A00001456,PLC00006280,10-12-2014,31-05-2020,05-06-2020,Motor,133.61,3000,Maria Sims,3 Mad Anthony Lane,,Savannah,GA,31411,216-98-1542,N,63,63,Y,2,L,Mortgage,MI,76092178,WPNK24749792020579,Masters,D,Minor Loss,Other,1,1,KY,Louisville,14,AGENT00170,VNDR00109,
19-06-2020 00:00,TXN00000499,A00006331,PLC00009226,09-08-2015,17-06-2020,17-06-2020,Property,120.97,26000,Angelia Nettles,4079 North Sunflower Circle,,Fayetteville,AR,72703,699-30-9580,Y,57,98,Y,3,M,Rent,MI,36743988,RLTT95818458670007,Bachelor,A,Minor Loss,None,0,1,CO,Arvada,16,AGENT00877,,
19-06-2020 00:00,TXN00000501,A00009449,PLC00006895,14-02-2012,11-06-2020,14-06-2020,Motor,73.34,1000,Ngoc Kotas,5929 West Via Montoya Drive,,Glendale,AZ,85310,361-32-3644,Y,49,83,Y,2,M,Own,MI,14403981,OGNN85562542398076,College,A,Minor Loss,Police,1,0,AL,Montgomery,7,AGENT00994,VNDR00368,
